id,created_date,last_updated,bibjson.title,bibjson.active,bibjson.country,bibjson.publisher,bibjson.provider,bibjson.institution,bibjson.apc_url,bibjson.submission_charges_url,bibjson.allows_fulltext_indexing,bibjson.publication_time,issn_type,issn,bibjson.oa_start.year,bibjson.archiving_policy.nat_lib,bibjson.archiving_policy.url,bibjson.editorial_review.process,bibjson.editorial_review.url,bibjson.plagiarism_detection.detection,bibjson.plagiarism_detection.url,bibjson.article_statistics.statistics,bibjson.article_statistics.url,bibjson.author_copyright.copyright,bibjson.author_copyright.url,bibjson.author_publishing_rights.publishing_rights,bibjson.author_publishing_rights.url,admin.ticked,admin.seal,bibjson.apc.currency,bibjson.apc.average_price,bibjson.archiving_policy.other,bibjson.alternative_title
b99c8a565dac41028abe710709fa0a47,2015-11-07T17:00:38Z,2020-02-03T14:18:28Z,Documenta Praehistorica,TRUE,SI,"Znanstvena založba Filozofske fakultete Univerze v Ljubljani (Ljubljana University Press, Faculty of Arts)",OJS,"University of Ljubljana, Faculty of Arts ",http://revije.ff.uni-lj.si/DocumentaPraehistorica/about/editorialPolicies#openAccessPolicy,http://revije.ff.uni-lj.si/DocumentaPraehistorica/about/editorialPolicies#openAccessPolicy,TRUE,12,pissn,1408-967X,2003,dLib,http://www.dlib.si/results/?query=%27keywords%3dDocumenta+Praehistorica%27&pageSize=25,Blind peer review,http://revije.ff.uni-lj.si/DocumentaPraehistorica/about/editorialPolicies#peerReviewProcess,FALSE,,FALSE,,True,http://revije.ff.uni-lj.si/DocumentaPraehistorica/about/submissions#copyrightNotice,True,http://revije.ff.uni-lj.si/DocumentaPraehistorica/about/submissions#copyrightNotice,TRUE,FALSE,NA,NA,NA,NA
b99c8a565dac41028abe710709fa0a47,2015-11-07T17:00:38Z,2020-02-03T14:18:28Z,Documenta Praehistorica,TRUE,SI,"Znanstvena založba Filozofske fakultete Univerze v Ljubljani (Ljubljana University Press, Faculty of Arts)",OJS,"University of Ljubljana, Faculty of Arts ",http://revije.ff.uni-lj.si/DocumentaPraehistorica/about/editorialPolicies#openAccessPolicy,http://revije.ff.uni-lj.si/DocumentaPraehistorica/about/editorialPolicies#openAccessPolicy,TRUE,12,eissn,1854-2492,2003,dLib,http://www.dlib.si/results/?query=%27keywords%3dDocumenta+Praehistorica%27&pageSize=25,Blind peer review,http://revije.ff.uni-lj.si/DocumentaPraehistorica/about/editorialPolicies#peerReviewProcess,FALSE,,FALSE,,True,http://revije.ff.uni-lj.si/DocumentaPraehistorica/about/submissions#copyrightNotice,True,http://revije.ff.uni-lj.si/DocumentaPraehistorica/about/submissions#copyrightNotice,TRUE,FALSE,NA,NA,NA,NA
9b1d0a04f8af439b8eef13d2ece2e446,2009-04-17T18:28:59Z,2020-02-03T14:19:08Z,Sustainability,NA,CH,MDPI AG,MDPI AG,NA,http://www.mdpi.com/journal/sustainability/apc,http://www.mdpi.com/journal/sustainability/apc,TRUE,11,eissn,2071-1050,2009,Swiss National Library,http://www.mdpi.com/journal/sustainability/indexing,Blind peer review,http://www.mdpi.com/journal/sustainability/instructions#editorial_procedure,TRUE,http://www.mdpi.com/journal/sustainability/instructions#ethics,TRUE,http://www.mdpi.com/journal/sustainability/stats,True,http://www.mdpi.com/about/openaccess,True,http://www.mdpi.com/about/openaccess,TRUE,TRUE,CHF,1700,NA,NA
a93400557c92470b8603e96796297aab,2011-11-04T11:48:02Z,2020-02-03T14:17:25Z,Scientific Reports,NA,GB,Nature Publishing Group,Nature.com,NA,https://www.nature.com/srep/about/article-processing-charges,https://www.nature.com/srep/publish/how-to-publish,TRUE,20,eissn,2045-2322,2011,NA,http://www.nature.com/openresearch/about-open-access/policies-journals/#Digital_preservation,Blind peer review,https://www.nature.com/srep/journal-policies/peer-review,TRUE,https://www.nature.com/srep/journal-policies/editorial-policies#plagiarism,TRUE,http://www.nature.com/srep/2011/110614/srep00002/metrics,True,https://www.nature.com/srep/publish/reasons-to-publish,True,https://www.nature.com/srep/publish/reasons-to-publish,TRUE,TRUE,GBP,1165,NA,NA
229c4d88ee574f1dad0fd47a3b73fbd9,2016-04-30T18:05:35Z,2020-02-03T14:17:29Z,European Journal of Ecology,NA,PL,Sciendo,Sciendo,"University of Prešov, Faculty of Humanities and Natural Sciences",http://www.degruyter.com/view/j/eje,http://www.degruyter.com/view/j/eje,TRUE,11,eissn,1339-8474,2015,NA,http://www.degruyter.com/page/859,Blind peer review,https://journals.ku.edu/EuroJEcol/about,TRUE,http://www.degruyter.com/page/859,FALSE,,True,http://www.degruyter.com/view/supplement/s13398474_Open_Access_License.pdf,False,,TRUE,FALSE,NA,NA,NA,NA
5467e928787b453eb5cd1d13ef9661b0,2007-03-16T14:13:05Z,2020-02-03T14:13:28Z,Journal of Information Technology in Construction,TRUE,NL,International Council for Research and Innovation in Building and Construction,NA,NA,https://www.itcon.org/about,https://www.itcon.org/about,TRUE,26,eissn,1874-4753,1996,NA,NA,Blind peer review,https://www.itcon.org/for-authors,FALSE,,FALSE,,True,https://www.itcon.org/for-authors,True,https://www.itcon.org/for-authors,TRUE,FALSE,NA,NA,NA,NA
8780ab525f4e4b5092bbbb1df155ea94,2009-12-08T14:53:10Z,2020-02-03T14:14:38Z,Altre Modernità,NA,IT,Università degli Studi di Milano,OJS,Università degli studi di Milano,http://riviste.unimi.it/index.php/AMonline/about/editorialPolicies#custom-3,http://riviste.unimi.it/index.php/AMonline/about/editorialPolicies#custom-3,TRUE,5,pissn,2035-7680,2009,NA,NA,Double blind peer review,http://riviste.unimi.it/index.php/AMonline/about/editorialPolicies#peerReviewProcess,FALSE,,FALSE,,True,http://riviste.unimi.it/index.php/AMonline/about/editorialPolicies#focusAndScope,True,http://riviste.unimi.it/index.php/AMonline/about/editorialPolicies#focusAndScope,TRUE,FALSE,NA,NA,NA,NA
62b0e1f44b2f40088e530289e600dd89,2015-12-07T18:32:12Z,2020-02-03T14:17:24Z,Stem Cell Research & Therapy,NA,GB,BMC,BMC,NA,http://www.stemcellres.com/about#apc ,http://www.stemcellres.com/about/apcfaq,TRUE,16,eissn,1757-6512,2010,NA,http://www.biomedcentral.com/about/archive ,Peer review,http://www.stemcellres.com/about#publication,TRUE,http://www.biomedcentral.com/about /editorialpolicies#DuplicatePublication ,TRUE,http://www.stemcellres.com/content/5/6/140/about,True,http://www.stemcellres.com/about#whypublish,True,http://www.biomedcentral.com/about/license ,TRUE,TRUE,GBP,1390,Koninklijke Bibliotheek ,NA
f056f0d9a3594cec869f8793e809bff2,2010-05-07T16:11:01Z,2020-02-03T14:13:26Z,Toxins,NA,CH,MDPI AG,MDPI AG,NA,http://www.mdpi.com/journal/toxins/apc,http://www.mdpi.com/journal/toxins/apc,TRUE,11,pissn,2072-6651,2009,Swiss National Library,https://www.e-helvetica.nb.admin.ch/pages/main.jsf,Blind peer review,http://www.mdpi.com/journal/toxins/instructions#editorial_procedure,TRUE,http://www.mdpi.com/journal/toxins/instructions#ethics,TRUE,http://www.mdpi.com/journal/toxins/stats,True,http://www.mdpi.com/about/openaccess,True,http://www.mdpi.com/about/openaccess,TRUE,TRUE,CHF,1800,NA,NA
2fdf1470373343b7bd4f825179c685f5,2007-03-30T10:53:19Z,2020-02-03T14:12:55Z,PLoS ONE,NA,US,Public Library of Science (PLoS),Public Library of Science (PLoS),NA,http://journals.plos.org/plosone/s/publication-fees,http://journals.plos.org/plosone/s/publication-fees,TRUE,24,eissn,1932-6203,2006,NA,http://journals.plos.org/plosone/s/publishing-information,Peer review,http://journals.plos.org/plosone/s/editorial-and-peer-review-process,TRUE,http://journals.plos.org/plosone/s/ethical-publishing-practice#loc-plagiarism,TRUE,http://www.lagotto.io/plos/#static-content-wrap,True,http://journals.plos.org/plosone/s/content-license,True,http://journals.plos.org/plosone/s/content-license,TRUE,TRUE,USD,1595,NA,PLOS ONE
c49f2c28c3f648b6a62a268595682f40,2006-05-19T15:48:42Z,2020-02-03T14:18:31Z,International Journal of Speleology,TRUE,IT,Società Speleologica Italiana,Scholar Commons,NA,http://scholarcommons.usf.edu/ijs/aimsandscope.html,http://scholarcommons.usf.edu/ijs/aimsandscope.html,TRUE,27,pissn,0392-6672,2002,NA,http://scholarcommons.usf.edu/ijs/aimsandscope.html,Double blind peer review,http://scholarcommons.usf.edu/ijs/,FALSE,,TRUE,,True,http://scholarcommons.usf.edu/ijs/policies.html#rights  ,True,http://scholarcommons.usf.edu/ijs/policies.html#whatcansubmit ,TRUE,FALSE,NA,NA,NA,IJS
c49f2c28c3f648b6a62a268595682f40,2006-05-19T15:48:42Z,2020-02-03T14:18:31Z,International Journal of Speleology,TRUE,IT,Società Speleologica Italiana,Scholar Commons,NA,http://scholarcommons.usf.edu/ijs/aimsandscope.html,http://scholarcommons.usf.edu/ijs/aimsandscope.html,TRUE,27,eissn,1827-806X,2002,NA,http://scholarcommons.usf.edu/ijs/aimsandscope.html,Double blind peer review,http://scholarcommons.usf.edu/ijs/,FALSE,,TRUE,,True,http://scholarcommons.usf.edu/ijs/policies.html#rights  ,True,http://scholarcommons.usf.edu/ijs/policies.html#whatcansubmit ,TRUE,FALSE,NA,NA,NA,IJS
8207beaf01764195866bda2d118d9f39,2008-02-26T16:53:53Z,2020-02-03T14:15:13Z,Aquatic Invasions,TRUE,FI,Regional Euro-Asian Biological Invasions Centre (REABIC),Regional Euro-Asian Biological Invasions Centre (REABIC) ,NA,http://www.aquaticinvasions.net/submissions.html,http://www.aquaticinvasions.net/submissions.html,TRUE,24,pissn,1798-6540,2006,NA,NA,Blind peer review,http://www.aquaticinvasions.net/submissions.html,FALSE,,FALSE,,True,http://www.aquaticinvasions.net/about.html,True,http://www.aquaticinvasions.net/about.html,TRUE,FALSE,EUR,700,NA,NA
8207beaf01764195866bda2d118d9f39,2008-02-26T16:53:53Z,2020-02-03T14:15:13Z,Aquatic Invasions,TRUE,FI,Regional Euro-Asian Biological Invasions Centre (REABIC),Regional Euro-Asian Biological Invasions Centre (REABIC) ,NA,http://www.aquaticinvasions.net/submissions.html,http://www.aquaticinvasions.net/submissions.html,TRUE,24,eissn,1818-5487,2006,NA,NA,Blind peer review,http://www.aquaticinvasions.net/submissions.html,FALSE,,FALSE,,True,http://www.aquaticinvasions.net/about.html,True,http://www.aquaticinvasions.net/about.html,TRUE,FALSE,EUR,700,NA,NA
5e02e066c3294f19af84612e8dbf3e36,2004-10-11T14:21:28Z,2020-02-03T14:16:06Z,Frontiers in Zoology,NA,GB,BMC,BMC,Deutsche Zoologische Gesellschaft,http://frontiersinzoology.biomedcentral.com/about,http://frontiersinzoology.biomedcentral.com/about,TRUE,15,eissn,1742-9994,2004,British Library; Koninklijke Bibliotheek,http://www.biomedcentral.com/getpublished/indexing-archiving-and-access-to-data/journal-archiving,Blind peer review,http://frontiersinzoology.biomedcentral.com/about,TRUE,http://www.biomedcentral.com/getpublished/editorial-policies,TRUE,http://www.biomedcentral.com/getpublished/indexing-archiving-and-access-to-data/article-metrics,True,http://www.biomedcentral.com/about/policies/license-agreement,True,http://www.biomedcentral.com/about/policies/license-agreement,TRUE,TRUE,GBP,1510,NA,NA
c96ae8c547e840d9acc80f7151a28617,2010-11-23T16:45:11Z,2020-02-03T14:12:39Z,Frontiers in Psychology,NA,CH,Frontiers Media S.A.,Frontiers Media S.A.,NA,http://frontiersin.org/psychology/fees,http://frontiersin.org/psychology/fees,TRUE,14,eissn,1664-1078,2010,NA,https://www.frontiersin.org/journals/psychology#about,Blind peer review,http://frontiersin.org/psychology/reviewguidelines,TRUE,http://frontiersin.org/psychology/reviewguidelines,TRUE,http://loop.frontiersin.org/about,True,http://journal.frontiersin.org/journal/psychology#about,True,http://journal.frontiersin.org/journal/psychology#about,TRUE,TRUE,USD,2950,NA,NA
e2f3f2ae5c794c779c4516fb399d07f3,2012-09-17T15:54:18Z,2020-02-03T14:19:07Z,Nature Conservation,NA,BG,Pensoft Publishers,ARPHA,NA,https://natureconservation.pensoft.net/about#Article-Processing-Charges,https://natureconservation.pensoft.net/about#Article-Processing-Charges,TRUE,6,pissn,1314-6947,2012,NA,http://natureconservation.pensoft.net/,Peer review,http://natureconservation.pensoft.net/about,FALSE,,TRUE,http://natureconservation.pensoft.net/browse_articles,True,http://natureconservation.pensoft.net/about#Copyright-Notice,True,http://natureconservation.pensoft.net/about#Copyright-Notice,TRUE,TRUE,EUR,800,NA,NA
e2f3f2ae5c794c779c4516fb399d07f3,2012-09-17T15:54:18Z,2020-02-03T14:19:07Z,Nature Conservation,NA,BG,Pensoft Publishers,ARPHA,NA,https://natureconservation.pensoft.net/about#Article-Processing-Charges,https://natureconservation.pensoft.net/about#Article-Processing-Charges,TRUE,6,eissn,1314-3301,2012,NA,http://natureconservation.pensoft.net/,Peer review,http://natureconservation.pensoft.net/about,FALSE,,TRUE,http://natureconservation.pensoft.net/browse_articles,True,http://natureconservation.pensoft.net/about#Copyright-Notice,True,http://natureconservation.pensoft.net/about#Copyright-Notice,TRUE,TRUE,EUR,800,NA,NA
b4c52c82a9b146df8c348fbce28ec158,2005-01-11T14:38:06Z,2020-02-03T14:19:00Z,PLoS Computational Biology,TRUE,US,Public Library of Science (PLoS),Public Library of Science (PLoS),NA,http://journals.plos.org/ploscompbiol/s/publication-fees,http://journals.plos.org/ploscompbiol/s/publication-fees,TRUE,32,pissn,1553-734X,2005,NA,http://journals.plos.org/ploscompbiol/s/publishing-information,Peer review,http://journals.plos.org/ploscompbiol/s/editorial-and-peer-review-process,TRUE,http://journals.plos.org/ploscompbiol/s/ethical-publishing-practice#loc-plagiarism,TRUE,http://www.lagotto.io/plos/,True,http://journals.plos.org/ploscompbiol/s/content-license,True,http://journals.plos.org/ploscompbiol/s/content-license,TRUE,TRUE,USD,2250,NA,NA
b4c52c82a9b146df8c348fbce28ec158,2005-01-11T14:38:06Z,2020-02-03T14:19:00Z,PLoS Computational Biology,TRUE,US,Public Library of Science (PLoS),Public Library of Science (PLoS),NA,http://journals.plos.org/ploscompbiol/s/publication-fees,http://journals.plos.org/ploscompbiol/s/publication-fees,TRUE,32,eissn,1553-7358,2005,NA,http://journals.plos.org/ploscompbiol/s/publishing-information,Peer review,http://journals.plos.org/ploscompbiol/s/editorial-and-peer-review-process,TRUE,http://journals.plos.org/ploscompbiol/s/ethical-publishing-practice#loc-plagiarism,TRUE,http://www.lagotto.io/plos/,True,http://journals.plos.org/ploscompbiol/s/content-license,True,http://journals.plos.org/ploscompbiol/s/content-license,TRUE,TRUE,USD,2250,NA,NA
cea897e9b85f4ce6a927cbee6576e668,2012-02-24T12:58:46Z,2020-02-17T15:34:19Z,Investigaciones Turísticas,NA,ES,Instituto Universitario de Investigaciones Turísticas,OJS,Universidad de Alicante,https://investigacionesturisticas.ua.es/about/editorialPolicies#openAccessPolicy,https://investigacionesturisticas.ua.es/about/editorialPolicies#openAccessPolicy,TRUE,24,eissn,2174-5609,2011,NA,https://investigacionesturisticas.ua.es/about/editorialPolicies#archiving,Double blind peer review,https://investigacionesturisticas.ua.es/about/editorialPolicies#peerReviewProcess,TRUE,https://revistes.ua.es/disjuntiva/about/editorialPolicies#custom-1,TRUE,https://investigacionesturisticas.ua.es/statistics,True,https://investigacionesturisticas.ua.es/about/submissions#copyrightNotice,True,https://investigacionesturisticas.ua.es/about/submissions#copyrightNotice,TRUE,FALSE,NA,NA,NA,NA
38a20accf2b84c08ac9fe4dd017a42a6,2012-02-23T15:52:36Z,2020-02-03T14:13:55Z,Ecology and Evolution,NA,GB,Wiley,Wiley Online Library,NA,http://onlinelibrary.wiley.com/journal/10.1002/(ISSN)2045-7758/homepage/article_publication_charges.htm,http://onlinelibrary.wiley.com/journal/10.1002/(ISSN)2045-7758/homepage/article_publication_charges.htm,TRUE,3,eissn,2045-7758,2011,NA,http://olabout.wiley.com/WileyCDA/Section/id-815640.html,Peer review,http://onlinelibrary.wiley.com/journal/10.1002/(ISSN)2045-7758/homepage/custom_copy.htm,TRUE,http://onlinelibrary.wiley.com/journal/10.1002/(ISSN)2045-7758/homepage/ForAuthors.html,FALSE,,False,http://onlinelibrary.wiley.com/journal/10.1002/(ISSN)2045-7758/homepage/open_access_license_and_copyright.htm,False,http://onlinelibrary.wiley.com/journal/10.1002/(ISSN)2045-7758/homepage/open_access_license_and_copyright.htm,TRUE,FALSE,USD,1950,NA,Ecology & Evolution
39dd9dccac274f278f356146cd11e232,2011-01-25T08:54:29Z,2020-02-03T14:18:44Z,Frontiers in Microbiology,NA,CH,Frontiers Media S.A.,Frontiers Media S.A.,NA,http://www.frontiersin.org/microbiology/fees,http://www.frontiersin.org/microbiology/fees,TRUE,14,eissn,1664-302X,2010,NA,,Blind peer review,http://www.frontiersin.org/microbiology/reviewguidelines,TRUE,http://www.frontiersin.org/microbiology/reviewguidelines,TRUE,http://loop.frontiersin.org/about,True,http://journal.frontiersin.org/journal/microbiology#about,True,http://journal.frontiersin.org/journal/microbiology#about,TRUE,TRUE,USD,2950,NA,NA
d47e2b25d85841e0b8782f06bd2eba13,2010-08-23T12:23:29Z,2020-02-03T14:12:49Z,Forests,NA,CH,MDPI AG,MDPI AG,NA,http://www.mdpi.com/journal/forests/apc,http://www.mdpi.com/journal/forests/apc,TRUE,11,pissn,1999-4907,2010,Swiss National Library,https://www.e-helvetica.nb.admin.ch/pages/main.jsf,Blind peer review,http://www.mdpi.com/journal/forests/instructions#editorial_procedure,TRUE,http://www.mdpi.com/journal/forests/instructions#ethics,TRUE,http://www.mdpi.com/journal/forests/stats,True,http://www.mdpi.com/about/openaccess,True,http://www.mdpi.com/about/openaccess,TRUE,TRUE,CHF,1800,NA,NA
291006fefd8d47eaa242a5bd2e145e6e,2012-09-20T15:53:05Z,2020-02-03T14:15:52Z,Minerals,NA,CH,MDPI AG,MDPI AG,NA,http://www.mdpi.com/journal/minerals/apc,http://www.mdpi.com/journal/minerals/apc,TRUE,11,eissn,2075-163X,2011,e-Helvetica Swiss National Library,https://thekeepers.org/journals?query=2075-163X,Blind peer review,http://www.mdpi.com/journal/minerals/instructions#editorial_procedure,TRUE,http://www.mdpi.com/journal/minerals/instructions#ethics,TRUE,http://www.mdpi.com/journal/minerals/stats,True,http://www.mdpi.com/journal/minerals/about,True,http://www.mdpi.com/journal/minerals/about,TRUE,TRUE,CHF,1400,NA,NA
f5c91b14a6044181ad9f4b92a3e48135,2013-06-17T17:09:39Z,2020-02-03T14:14:20Z,E3S Web of Conferences,NA,FR,EDP Sciences,EDP Sciences,NA,http://www.e3s-conferences.org/for-authors/article-processing-charges,http://www.e3s-conferences.org/for-authors/article-processing-charges,TRUE,6,eissn,2267-1242,2013,NA,http://www.portico.org/digital-preservation/who-participates-in-portico/participating-publishers/edp,Editorial review,http://www.e3s-conferences.org/about-the-journal/policy-on-publishing-integrity,FALSE,,TRUE,http://www.e3s-conferences.org/articles/e3sconf/abs/2014/03/e3sconf-idust2014-01001/e3sconf-idust2014-01001.html,True,http://www.e3s-conferences.org/for-authors/license-agreement,True,http://www.e3s-conferences.org/for-authors/license-agreement,TRUE,NA,NA,NA,NA,NA
c70580adf9f14086b864aadce3fc6660,2009-03-27T15:22:04Z,2020-02-03T14:16:41Z,Journal of Information and Organizational Sciences ,TRUE,HR,"University of Zagreb, Faculty of organization and informatics",University of Zagreb,NA,https://jios.foi.hr/index.php/jios/about/editorialPolicies#custom-0,https://jios.foi.hr/index.php/jios/about/editorialPolicies#custom-0,FALSE,12,pissn,1846-3312,2006,NA,NA,Peer review,https://jios.foi.hr/index.php/jios/about/editorialPolicies#peerReviewProcess,FALSE,,FALSE,,False,,False,,TRUE,FALSE,NA,NA,NA,JIOS
c70580adf9f14086b864aadce3fc6660,2009-03-27T15:22:04Z,2020-02-03T14:16:41Z,Journal of Information and Organizational Sciences ,TRUE,HR,"University of Zagreb, Faculty of organization and informatics",University of Zagreb,NA,https://jios.foi.hr/index.php/jios/about/editorialPolicies#custom-0,https://jios.foi.hr/index.php/jios/about/editorialPolicies#custom-0,FALSE,12,eissn,1846-9418,2006,NA,NA,Peer review,https://jios.foi.hr/index.php/jios/about/editorialPolicies#peerReviewProcess,FALSE,,FALSE,,False,,False,,TRUE,FALSE,NA,NA,NA,JIOS
5217349c9fc8499eabadcc635b6104f3,2015-10-27T17:55:23Z,2020-02-03T14:12:02Z,Boletín Americanista,TRUE,ES,Universitat de Barcelona,OJS,Universitat de Barcelona,http://revistes.ub.edu/index.php/BoletinAmericanista/about/editorialPolicies#openAccessPolicy,http://revistes.ub.edu/index.php/BoletinAmericanista/about/editorialPolicies#openAccessPolicy,TRUE,30,pissn,0520-4100,1959,NA,NA,Peer review,http://revistes.ub.edu/index.php/BoletinAmericanista/about/editorialPolicies#peerReviewProcess,FALSE,,TRUE,http://revistes.ub.edu/index.php/BoletinAmericanista/statisticCharts,True,http://revistes.ub.edu/index.php/BoletinAmericanista/about/submissions,True,http://revistes.ub.edu/index.php/BoletinAmericanista/about/submissions,TRUE,FALSE,NA,NA,NA,NA
5217349c9fc8499eabadcc635b6104f3,2015-10-27T17:55:23Z,2020-02-03T14:12:02Z,Boletín Americanista,TRUE,ES,Universitat de Barcelona,OJS,Universitat de Barcelona,http://revistes.ub.edu/index.php/BoletinAmericanista/about/editorialPolicies#openAccessPolicy,http://revistes.ub.edu/index.php/BoletinAmericanista/about/editorialPolicies#openAccessPolicy,TRUE,30,eissn,2014-993X,1959,NA,NA,Peer review,http://revistes.ub.edu/index.php/BoletinAmericanista/about/editorialPolicies#peerReviewProcess,FALSE,,TRUE,http://revistes.ub.edu/index.php/BoletinAmericanista/statisticCharts,True,http://revistes.ub.edu/index.php/BoletinAmericanista/about/submissions,True,http://revistes.ub.edu/index.php/BoletinAmericanista/about/submissions,TRUE,FALSE,NA,NA,NA,NA
36b0e8908ff546a1a132ab8197962e7a,2016-11-11T09:30:14Z,2020-02-03T14:17:58Z,"Fronteiras: Journal of Social, Technological and Environmental Science",NA,BR,Centro Universitário de Anápolis,OJS,Associação Educativa Evangélica,http://revistas.unievangelica.edu.br/index.php/fronteiras/about/editorialPolicies#custom-1,http://revistas.unievangelica.edu.br/index.php/fronteiras/about/editorialPolicies#custom-1,FALSE,20,eissn,2238-8869,2012,NA,http://revistas.unievangelica.edu.br/,Double blind peer review,http://revistas.unievangelica.edu.br/index.php/fronteiras/about/submissions#privacyStatement,TRUE,http://revistas.unievangelica.edu.br/index.php/fronteiras/about/submissions#privacyStatement,FALSE,,False,,False,,TRUE,FALSE,NA,NA,NA,Fronteiras Journal
89e90d6efacc4860ace81ac7d2b543a8,2016-11-08T18:28:17Z,2020-02-03T14:16:23Z,Povolžskaâ Arheologiâ,TRUE,RU,TAS,NA,Institute of Archaelogy,http://archaeologie.pro/en/for-authors/5/,http://archaeologie.pro/en/for-authors/article-submission/,TRUE,8,pissn,2306-4099,2012,NA,NA,Double blind peer review,http://archaeologie.pro/en/for-authors/3/,TRUE,http://archaeologie.pro/en/publication-ethics/,FALSE,,True,http://archaeologie.pro/en/for-authors/5/,True,http://archaeologie.pro/en/for-authors/5/,TRUE,FALSE,NA,NA,NA,Volga River Region Archaeology
89e90d6efacc4860ace81ac7d2b543a8,2016-11-08T18:28:17Z,2020-02-03T14:16:23Z,Povolžskaâ Arheologiâ,TRUE,RU,TAS,NA,Institute of Archaelogy,http://archaeologie.pro/en/for-authors/5/,http://archaeologie.pro/en/for-authors/article-submission/,TRUE,8,eissn,2500-2856,2012,NA,NA,Double blind peer review,http://archaeologie.pro/en/for-authors/3/,TRUE,http://archaeologie.pro/en/publication-ethics/,FALSE,,True,http://archaeologie.pro/en/for-authors/5/,True,http://archaeologie.pro/en/for-authors/5/,TRUE,FALSE,NA,NA,NA,Volga River Region Archaeology
a204d53e22bd4398aabf0ee27dde304f,2016-02-12T11:53:04Z,2020-02-03T14:18:01Z,Izvestiâ Vysših Učebnyh Zavedenij i Ènergetičeskih ob Edinennij SNG. Ènergetika,NA,BY,Belarusian National Technical University,elpub.ru,Belarusian National Technical University,http://energy.bntu.by/jour/about/editorialPolicies#custom-4,http://energy.bntu.by/jour/about/editorialPolicies#custom-4,TRUE,8,pissn,1029-7448,2006,NA,NA,Blind peer review,http://energy.bntu.by/jour/about/editorialPolicies#custom-0,TRUE,http://energy.bntu.by/jour/about/editorialPolicies#custom-6,TRUE,http://energy.bntu.by/jour/article/view/837,True,http://energy.bntu.by/jour/about/submissions#copyrightNotice,True,http://energy.bntu.by/jour/about/submissions#copyrightNotice,TRUE,FALSE,NA,NA,NA,Proceedings of CIS Higher Education Institutions and Power Engineering Associations. Energetika
a204d53e22bd4398aabf0ee27dde304f,2016-02-12T11:53:04Z,2020-02-03T14:18:01Z,Izvestiâ Vysših Učebnyh Zavedenij i Ènergetičeskih ob Edinennij SNG. Ènergetika,NA,BY,Belarusian National Technical University,elpub.ru,Belarusian National Technical University,http://energy.bntu.by/jour/about/editorialPolicies#custom-4,http://energy.bntu.by/jour/about/editorialPolicies#custom-4,TRUE,8,eissn,2414-0341,2006,NA,NA,Blind peer review,http://energy.bntu.by/jour/about/editorialPolicies#custom-0,TRUE,http://energy.bntu.by/jour/about/editorialPolicies#custom-6,TRUE,http://energy.bntu.by/jour/article/view/837,True,http://energy.bntu.by/jour/about/submissions#copyrightNotice,True,http://energy.bntu.by/jour/about/submissions#copyrightNotice,TRUE,FALSE,NA,NA,NA,Proceedings of CIS Higher Education Institutions and Power Engineering Associations. Energetika
dc7971c1c2e04269a8371f09ff72b9e5,2010-03-05T12:48:52Z,2020-02-03T14:16:55Z,Journal of Library and Information Studies,TRUE,TW,National Taiwan University,National Taiwan University Journal Database,"National Taiwan University, Dept. of Library & Information Science",http://jlis.lis.ntu.edu.tw/index.php?option=com_content&view=article&id=7&Itemid=9&lang=us,http://jlis.lis.ntu.edu.tw/index.php?option=com_content&view=article&id=7&Itemid=9&lang=us,TRUE,16,pissn,1606-7509,1999,NA,NA,Double blind peer review,http://jlis.lis.ntu.edu.tw/index.php?option=com_content&view=article&id=9&Itemid=11&lang=us,FALSE,,FALSE,,False,http://jlis.lis.ntu.edu.tw/index.php?option=com_content&view=article&id=7&Itemid=9&lang=us,False,,TRUE,FALSE,NA,NA,NA,JLIS
713f06569b634655a67e05ae262f787b,2003-11-20T00:00:00Z,2020-02-03T14:17:13Z,Information Research: An International Electronic Journal,TRUE,SE,University of Borås,Lund University Libraries,NA,http://www.informationr.net/ir/author2.html,http://www.informationr.net/ir/author2.html,TRUE,45,eissn,1368-1613,1995,NA,http://informationr.net/ir/author2.html,Double blind peer review,http://www.informationr.net/ir/author2.html,TRUE,http://informationr.net/ir/author2.html,FALSE,,True,http://www.informationr.net/ir/about.html#Copyright,True,http://www.informationr.net/ir/about.html#Copyright,TRUE,FALSE,NA,NA,NA,NA
94a6a9a0ad8d446dae7b5f3d16f619f6,2015-07-01T15:57:47Z,2020-02-13T13:17:10Z,"Dilemas Contemporáneos: Educación, Política y Valores",NA,MX,Asesorías y Tutorías para la Investigación Científica en la Educación Puig-Salabarría S.C.,NA,Asesorías y Tutorías para la Investigación Científica en la Educación Puig-Salabarría S.C.,http://www.dilemascontemporaneoseducacionpoliticayvalores.com/,http://www.dilemascontemporaneoseducacionpoliticayvalores.com/,TRUE,3,eissn,2007-7890,2013,NA,http://www.dilemascontemporaneoseducacionpoliticayvalores.com/,Double blind peer review,http://www.dilemascontemporaneoseducacionpoliticayvalores.com/codigo-de-conducta/,TRUE,http://www.dilemascontemporaneoseducacionpoliticayvalores.com/codigo-de-conducta/,TRUE,http://www.dilemascontemporaneoseducacionpoliticayvalores.com/,False,http://www.dilemascontemporaneoseducacionpoliticayvalores.com/codigo-de-conducta/,False,http://www.dilemascontemporaneoseducacionpoliticayvalores.com/codigo-de-conducta/,TRUE,FALSE,NA,NA,NA,"Contemporary Dilemmas: Education, Politics and Values"
931e4140c801411e9a7e8bde35ea89c3,2013-04-09T21:27:08Z,2020-02-03T14:15:14Z,Caracteres: Estudios Culturales y Críticos de la Esfera Digital,TRUE,ES,Editorial Delirio,Editorial Delirio,NA,http://revistacaracteres.net/normativa/normas-de-publicacion/#Espanol-oa,http://revistacaracteres.net/normativa/normas-de-publicacion/#Espanol-oa,TRUE,20,pissn,2254-4496,2012,NA,http://revistacaracteres.net/bases-de-datos/,Double blind peer review,http://revistacaracteres.net/normativa/normas-de-publicacion/,TRUE,http://revistacaracteres.net/normativa/normas-de-publicacion/,TRUE,http://revistacaracteres.net/2015/01/informe-sobre-la-difusion-de-la-revista-2014/,True,http://revistacaracteres.net/normativa/normas-de-publicacion/#Espanol-oa,True,http://revistacaracteres.net/normativa/normas-de-publicacion/#Espanol-oa,TRUE,FALSE,NA,NA,NA,Caracteres
6b8e10ce82164eb89180b9e95bde0360,2012-12-14T13:44:54Z,2020-02-03T14:16:05Z,ISPRS International Journal of Geo-Information,NA,CH,MDPI AG,MDPI AG,NA,http://www.mdpi.com/journal/ijgi/apc,http://www.mdpi.com/journal/ijgi/apc,TRUE,11,pissn,2220-9964,2012,Swiss National Library,https://www.e-helvetica.nb.admin.ch/pages/main.jsf,Blind peer review,http://www.mdpi.com/journal/ijgi/instructions#editorial_procedure,TRUE,http://www.mdpi.com/journal/ijgi/instructions#ethics,TRUE,http://www.mdpi.com/journal/ijgi/stats,True,http://www.mdpi.com/about/openaccess,True,http://www.mdpi.com/about/openaccess,TRUE,TRUE,CHF,1000,NA,IJGI
8e10477da852479598ae51e170e587e5,2011-07-28T10:48:47Z,2020-02-03T14:11:16Z,SAGE Open,NA,US,SAGE Publishing,Atypon,NA,https://uk.sagepub.com/en-gb/eur/journal/sage-open#submission-guidelines,https://uk.sagepub.com/en-gb/eur/journal/sage-open#submission-guidelines,FALSE,12,eissn,2158-2440,2011,NA,https://thekeepers.org/journals?query=2158-2440,Double blind peer review,https://mc.manuscriptcentral.com/societyimages/sageopen/SGO_OA_Author_Guidelines.pdf,TRUE,https://mc.manuscriptcentral.com/societyimages/sageopen/SGO_OA_Author_Guidelines.pdf,TRUE,http://journals.sagepub.com/doi/metrics/10.1177/2158244018763930,True,https://mc.manuscriptcentral.com/societyimages/sageopen/SGO%20CCBY.pdf,True,https://mc.manuscriptcentral.com/societyimages/sageopen/SGO%20CCBY.pdf,TRUE,TRUE,USD,800,NA,NA
a832f3f6d54d45b9909673c63b5b69fc,2019-08-19T21:55:53Z,2020-02-03T14:10:50Z,"Investigación Bibliotecológica: Archivonomía, Bibliotecología e Información",NA,MX,Universidad Nacional Autónoma de México,OJS,"Universidad Nacional Autónoma de México, Instituto de Investigaciones Bibliotecológicas y de la Información",http://rev-ib.unam.mx/ib/index.php/ib/about/editorialPolicies#custom-2,http://rev-ib.unam.mx/ib/index.php/ib/about/editorialPolicies#custom-2,TRUE,36,pissn,0187-358X,1986,NA,http://rev-ib.unam.mx/ib/index.php/ib/about/editorialPolicies#custom-3,Double blind peer review,http://rev-ib.unam.mx/ib/index.php/ib/about/editorialPolicies#peerReviewProcess,FALSE,,FALSE,,False,,False,,TRUE,FALSE,NA,NA,NA,NA
a832f3f6d54d45b9909673c63b5b69fc,2019-08-19T21:55:53Z,2020-02-03T14:10:50Z,"Investigación Bibliotecológica: Archivonomía, Bibliotecología e Información",NA,MX,Universidad Nacional Autónoma de México,OJS,"Universidad Nacional Autónoma de México, Instituto de Investigaciones Bibliotecológicas y de la Información",http://rev-ib.unam.mx/ib/index.php/ib/about/editorialPolicies#custom-2,http://rev-ib.unam.mx/ib/index.php/ib/about/editorialPolicies#custom-2,TRUE,36,eissn,2448-8321,1986,NA,http://rev-ib.unam.mx/ib/index.php/ib/about/editorialPolicies#custom-3,Double blind peer review,http://rev-ib.unam.mx/ib/index.php/ib/about/editorialPolicies#peerReviewProcess,FALSE,,FALSE,,False,,False,,TRUE,FALSE,NA,NA,NA,NA
4cf809d18f0d4988be2e0a79543a779a,2013-12-11T15:00:50Z,2020-02-03T14:11:17Z,Open Praxis,TRUE,NO,International Council for Open and Distance Education (ICDE),OJS,International Council for Open and Distance Education (ICDE),http://www.openpraxis.org/index.php/OpenPraxis/about/submissions#authorGuidelines,http://www.openpraxis.org/index.php/OpenPraxis/about/submissions#authorGuidelines,TRUE,13,pissn,1369-9997,2013,NA,http://openpraxis.org/index.php/OpenPraxis/about/editorialPolicies#archiving,Double blind peer review,http://openpraxis.org/index.php/OpenPraxis/about/editorialPolicies#peerReviewProcess,FALSE,,FALSE,,True,http://openpraxis.org/index.php/OpenPraxis/about/submissions#copyrightNotice,True,http://openpraxis.org/index.php/OpenPraxis/about/submissions#copyrightNotice,TRUE,FALSE,NA,NA,NA,NA
4cf809d18f0d4988be2e0a79543a779a,2013-12-11T15:00:50Z,2020-02-03T14:11:17Z,Open Praxis,TRUE,NO,International Council for Open and Distance Education (ICDE),OJS,International Council for Open and Distance Education (ICDE),http://www.openpraxis.org/index.php/OpenPraxis/about/submissions#authorGuidelines,http://www.openpraxis.org/index.php/OpenPraxis/about/submissions#authorGuidelines,TRUE,13,eissn,2304-070X,2013,NA,http://openpraxis.org/index.php/OpenPraxis/about/editorialPolicies#archiving,Double blind peer review,http://openpraxis.org/index.php/OpenPraxis/about/editorialPolicies#peerReviewProcess,FALSE,,FALSE,,True,http://openpraxis.org/index.php/OpenPraxis/about/submissions#copyrightNotice,True,http://openpraxis.org/index.php/OpenPraxis/about/submissions#copyrightNotice,TRUE,FALSE,NA,NA,NA,NA
8809cd54f6cc49d58da0228704183fa9,2016-11-01T09:33:52Z,2020-02-03T14:16:18Z,Transinformação,TRUE,BR,Pontificia Universidade Católica de Campinas,SciELO Brazil,PUC-Campinas,http://www.scielo.br/revistas/tinf/iinstruc.htm,http://www.scielo.br/revistas/tinf/iinstruc.htm,TRUE,36,pissn,0103-3786,2000,NA,http://www.scielo.br/scielo.php?script=sci_serial&pid=0103-3786&lng=pt&nrm=iso,Double blind peer review,http://www.scielo.br/revistas/tinf/iinstruc.htm,FALSE,,TRUE,http://www.scielo.br/statjournal.php?lang=en&issn=0103-3786&collection=,False,,False,,TRUE,FALSE,NA,NA,NA,NA
8809cd54f6cc49d58da0228704183fa9,2016-11-01T09:33:52Z,2020-02-03T14:16:18Z,Transinformação,TRUE,BR,Pontificia Universidade Católica de Campinas,SciELO Brazil,PUC-Campinas,http://www.scielo.br/revistas/tinf/iinstruc.htm,http://www.scielo.br/revistas/tinf/iinstruc.htm,TRUE,36,eissn,2318-0889,2000,NA,http://www.scielo.br/scielo.php?script=sci_serial&pid=0103-3786&lng=pt&nrm=iso,Double blind peer review,http://www.scielo.br/revistas/tinf/iinstruc.htm,FALSE,,TRUE,http://www.scielo.br/statjournal.php?lang=en&issn=0103-3786&collection=,False,,False,,TRUE,FALSE,NA,NA,NA,NA
370466acdeb446b1945565fb81484a71,2010-04-19T09:49:40Z,2020-02-03T14:13:54Z,Quest. Issues in Contemporary Jewish History,TRUE,IT,Fondazione Centro di Documentazione Ebraica Contemporanea  CDEC ,Aruba,Fondazione Centro di Documentazione Ebraica Contemporanea CDE,http://www.quest-cdecjournal.it/about.php?issue=8,http://www.quest-cdecjournal.it/about.php?issue=8,TRUE,8,eissn,2037-741X,2010,NA,NA,Double blind peer review,http://www.quest-cdecjournal.it/about.php?issue=8,TRUE,http://www.quest-cdecjournal.it/about.php?issue=8,FALSE,,True,http://www.quest-cdecjournal.it/about.php?issue=8,True,http://www.quest-cdecjournal.it/about.php?issue=8,TRUE,FALSE,NA,NA,NA,NA
b85294519b894ffe86e57c1ed403acef,2018-09-14T17:27:24Z,2020-02-03T14:10:45Z,Quiroga,NA,ES,Universidad de Granada,OJS,"Universidad de Granada, Facultad de Filosofía y Letras, Departamento de Historia del Arte, Grupo de Investigación Andalucía-América: Patrimonio Cultural y Relaciones Artísticas",https://revistaquiroga.andaluciayamerica.com/index.php/quiroga/about/editorialPolicies#openAccessPolicy,https://revistaquiroga.andaluciayamerica.com/index.php/quiroga/about/editorialPolicies#openAccessPolicy,TRUE,15,eissn,2254-7037,2012,NA,NA,Double blind peer review,https://revistaquiroga.andaluciayamerica.com/index.php/quiroga/about/submissions#onlineSubmissions,FALSE,,FALSE,,False,,False,,TRUE,FALSE,NA,NA,NA,Quiroga: Revista de Patrimonio Iberoamericano
948969fde051424f9a8643e911db4ed6,2014-05-15T15:50:23Z,2020-02-03T14:16:10Z,Frontiers in Physics,NA,CH,Frontiers Media S.A.,NA,NA,http://home.frontiersin.org/about/publishing-fees,http://home.frontiersin.org/about/publishing-fees,TRUE,12,eissn,2296-424X,2013,NA,http://www.frontiersin.org/Physics/about,Blind peer review,http://www.frontiersin.org/Physics/reviewguidelines,TRUE,http://www.frontiersin.org/Physics/reviewguidelines,TRUE,http://journal.frontiersin.org/Journal/10.3389/fphy.2014.00018/impact#impact,True,http://journal.frontiersin.org/journal/physics#about,True,http://journal.frontiersin.org/journal/physics#about,TRUE,TRUE,USD,1900,NA,NA
bbf22347344845cab1cb2652d9d00297,2016-10-30T15:04:05Z,2020-02-03T14:16:40Z,Insights: The UKSG Journal ,TRUE,GB,Ubiquity Press,Ubiquity Press,UKSG,http://insights.uksg.org/about/submissions/,http://insights.uksg.org/about/submissions/,TRUE,16,eissn,2048-7754,2012,British Library,http://insights.uksg.org/about/,Blind peer review,http://insights.uksg.org/about/editorialpolicies/,TRUE,http://insights.uksg.org/about/research-integrity/,TRUE,http://insights.uksg.org/articles/10.1629/uksg.236/,True,http://insights.uksg.org/about/submissions/,True,http://insights.uksg.org/about/submissions/,TRUE,TRUE,NA,NA,NA,NA
7a1004ae7ebc45ed970b36c0a1e06b2a,2018-03-19T15:16:04Z,2020-02-03T14:18:28Z,AIB Studi,TRUE,IT,Associazione italiana biblioteche,NA,NA,http://aibstudi.aib.it/about/editorialPolicies#custom-2,http://aibstudi.aib.it/about/editorialPolicies#custom-2,TRUE,16,pissn,2280-9112,2012,NA,NA,Double blind peer review,http://aibstudi.aib.it/about/editorialPolicies#peerReviewProcess,FALSE,,TRUE,http://aibstudi.aib.it/article/view/6300,False,,False,,TRUE,FALSE,NA,NA,NA,NA
7a1004ae7ebc45ed970b36c0a1e06b2a,2018-03-19T15:16:04Z,2020-02-03T14:18:28Z,AIB Studi,TRUE,IT,Associazione italiana biblioteche,NA,NA,http://aibstudi.aib.it/about/editorialPolicies#custom-2,http://aibstudi.aib.it/about/editorialPolicies#custom-2,TRUE,16,eissn,2239-6152,2012,NA,NA,Double blind peer review,http://aibstudi.aib.it/about/editorialPolicies#peerReviewProcess,FALSE,,TRUE,http://aibstudi.aib.it/article/view/6300,False,,False,,TRUE,FALSE,NA,NA,NA,NA
489e9bc5202b4606aa53387d40070288,2010-09-23T11:42:27Z,2020-02-03T14:18:55Z,Tempo e Argumento,NA,BR,Universidade do Estado de Santa Catarina,OJS,NA,http://www.revistas.udesc.br/index.php/tempo/about/editorialPolicies#custom-3,http://www.revistas.udesc.br/index.php/tempo/about/editorialPolicies#custom-3,TRUE,18,eissn,2175-1803,2009,NA,NA,Peer review,http://revistas.udesc.br/index.php/tempo/about/editorialPolicies#peerReviewProcess,FALSE,,FALSE,,False,,False,,TRUE,FALSE,NA,NA,NA,NA
0be7d7e3307b4598a01dbbb0317348f6,2017-07-03T16:44:04Z,2020-02-03T14:10:51Z,RED. Revista de Educación a Distancia,NA,ES,Universidad de Murcia,Redalyc,"Universidad de Murcia, Departamento de Psicología Evolutiva y de la Educación",http://www.um.es/ead/red/normasRED.htm#_Toc481505685,http://www.um.es/ead/red/normasRED.htm#_Toc481505685,FALSE,12,eissn,1578-7680,2001,NA,https://dialnet.unirioja.es/servlet/revista?codigo=5998,Peer review,http://www.um.es/ead/red/normasRED.htm#_Toc481505683,TRUE,http://www.um.es/ead/red/normasRED.htm#_Toc481505687,FALSE,,False,,False,,TRUE,FALSE,NA,NA,NA,NA
cddffa4876774411a5e02e273d328557,2013-07-05T14:03:59Z,2020-02-03T14:11:26Z,Revista Historia Autónoma,NA,ES,Universidad Autónoma de Madrid ,OJS,Universidad Autónoma de Madrid,https://revistas.uam.es/historiaautonoma/about/editorialPolicies#openAccessPolicy,https://revistas.uam.es/historiaautonoma/about/editorialPolicies#openAccessPolicy,TRUE,24,pissn,2254-8726,2012,NA,NA,Double blind peer review,https://revistas.uam.es/historiaautonoma/about/editorialPolicies#peerReviewProcess,FALSE,,FALSE,,True,https://revistas.uam.es/historiaautonoma/about/submissions#copyrightNotice,False,,TRUE,FALSE,NA,NA,NA,NA
10264a50d46342ee838f5aa1a93d72ca,2011-03-01T14:41:07Z,2020-02-03T14:12:52Z,Religions,NA,CH,MDPI AG,MDPI AG,NA,http://www.mdpi.com/journal/religions/apc,http://www.mdpi.com/journal/religions/apc,TRUE,11,eissn,2077-1444,2010,e-Helvetica Swiss National Library,https://thekeepers.org/journals?query=2077-1444,Double blind peer review,http://www.mdpi.com/journal/religions/instructions#editorial_procedure,TRUE,http://www.mdpi.com/journal/religions/instructions#ethics,TRUE,http://www.mdpi.com/journal/religions/stats,True,http://www.mdpi.com/about/openaccess,True,http://www.mdpi.com/about/openaccess,TRUE,TRUE,CHF,1000,NA,NA
79031d00635d4ee0b17c4a9b6f6fbb3e,2015-12-09T16:01:38Z,2020-02-03T14:17:56Z,Palgrave Communications,NA,GB,Palgrave Macmillan,palgrave-journals.com,NA,http://www.palgrave-journals.com/palcomms/about/openaccess,http://www.palgrave-journals.com/palcomms/about/openaccess,TRUE,19,eissn,2055-1045,2015,NA,http://www.nature.com/openresearch/about-open-access/policies-journals/#Digital%20preservation,Blind peer review,http://www.palgrave-journals.com/palcomms/referees#anonymity,TRUE,http://www.palgrave-journals.com/palcomms/authors#ethics,TRUE,http://www.palgrave-journals.com/articles/palcomms201510/metrics,True,http://www.palgrave-journals.com/palcomms/about/editorial-policies#license,True,http://www.palgrave-journals.com/palcomms/about/editorial-policies#license,TRUE,FALSE,GBP,750,NA,PalComms
113d7c64d2f04166ae140aca20bcdb7d,2008-01-21T08:15:56Z,2020-02-03T14:13:07Z,E-Spania,TRUE,FR,Civilisations et Littératures d’Espagne et d’Amérique du Moyen Âge aux Lumières (CLEA) - Paris Sorbonne,revues.org,NA,http://e-spania.revues.org/?page=informations,http://e-spania.revues.org/?page=informations,TRUE,4,eissn,1951-6169,2006,NA,NA,Double blind peer review,http://e-spania.revues.org/18355#tocto1n3,FALSE,,FALSE,,False,,False,,TRUE,FALSE,NA,NA,NA,NA
d8403e0523e644a3b4fe8fceb6a422d1,2008-09-12T11:35:28Z,2020-02-03T14:16:10Z,Frontiers in Human Neuroscience,NA,CH,Frontiers Media S.A.,Frontiers Media S.A.,NA,http://www.frontiersin.org/human_neuroscience/fees,http://www.frontiersin.org/human_neuroscience/fees,TRUE,14,eissn,1662-5161,2008,NA,https://www.frontiersin.org/journals/human-neuroscience#about,Blind peer review,http://www.frontiersin.org/human_neuroscience/reviewguidelines,TRUE,http://www.frontiersin.org/human_neuroscience/reviewguidelines,TRUE,http://loop.frontiersin.org/about,True,http://journal.frontiersin.org/journal/human-neuroscience#about,True,http://journal.frontiersin.org/journal/human-neuroscience#about,TRUE,TRUE,USD,2950,NA,NA
02869d2ed1ff4e31bbcd0c9c7dda057f,2010-09-30T16:32:06Z,2020-02-03T14:13:12Z,Ricerche di S/Confine,TRUE,IT,Università di Parma,Università di Parma,NA,http://www.ricerchedisconfine.info/contatti.htm,http://www.ricerchedisconfine.info/contatti.htm,TRUE,10,pissn,2038-8411,2010,NA,NA,Double blind peer review,http://www.ricerchedisconfine.info/contatti.htm,TRUE,http://www.ricerchedisconfine.info/PublicationEthics.pdf,FALSE,,True,http://www.ricerchedisconfine.info/contatti.htm,True,http://www.ricerchedisconfine.info/contatti.htm,TRUE,NA,NA,NA,NA,NA
107c89ef600649718cfa439b5493893e,2007-09-24T14:52:38Z,2020-02-03T14:13:07Z,Digital Humanities Quarterly,NA,US,Alliance of Digital Humanities,NA,NA,http://www.digitalhumanities.org/dhq/submissions/publication_terms.html,http://www.digitalhumanities.org/dhq/submissions/publication_terms.html,TRUE,20,eissn,1938-4122,2007,NA,NA,Blind peer review,http://www.digitalhumanities.org/dhq/submissions/peerReviewing.html ,FALSE,,FALSE,,True,http://www.digitalhumanities.org/dhq/submissions/publication_terms.html,True,http://www.digitalhumanities.org/dhq/submissions/publication_terms.html,TRUE,FALSE,NA,NA,NA,NA
d3e3c0e57fe440f08555a14b6b6a7841,2011-12-03T16:09:38Z,2020-02-03T14:13:14Z,[sic],TRUE,HR,University of Zadar,EBSCO,NA,http://www.sic-journal.org/AboutUs.aspx?lang=en,http://www.sic-journal.org/AboutUs.aspx?lang=en,TRUE,24,eissn,1847-7755,2010,NA,http://www.sic-journal.org/AboutUs.aspx,Blind peer review,http://www.sic-journal.org/AboutUs.aspx,TRUE,http://www.sic-journal.org/AboutUs.aspx,FALSE,,False,,False,,TRUE,FALSE,NA,NA,Hrčak: Portal of scientific journals in Croatia,"[sic]: Casopis za Knjizevnost, Kulturu i Knjizevno Prevodjenje"
a4bc21c2290f4c959e3582cc307a4295,2010-08-02T12:01:07Z,2020-02-03T14:16:29Z,Archeologia e Calcolatori,NA,IT,Edizioni All'Insegna del Giglio,Consiglio Nazionale delle Ricerche,Consiglio Nazionale delle Ricerche (CNR),http://www.archcalc.cnr.it/GuidelinesForAuthors.htm,http://www.archcalc.cnr.it/GuidelinesForAuthors.htm,TRUE,40,pissn,1120-6861,1998,NA,http://www.archcalc.cnr.it/GuidelinesForAuthors.htm,Double blind peer review,http://www.archcalc.cnr.it/GuidelinesForAuthors.htm,FALSE,,FALSE,,False,,False,,TRUE,FALSE,NA,NA,Italian National Research Council - SOLAR,NA
69f1f429a6334c22b7fa7fb32225b575,2013-05-07T14:21:59Z,2020-02-03T14:17:07Z,The ASIANetwork Exchange: A Journal for Asian Studies in the Liberal Arts,NA,GB,Open Library of Humanities,Ubiquity Press,NA,http://www.asianetworkexchange.org/about/submissions/,http://www.asianetworkexchange.org/about/submissions/,TRUE,14,pissn,1943-9938,2011,NA,http://www.asianetworkexchange.org/about/,Double blind peer review,http://www.asianetworkexchange.org/about/editorialpolicies/,TRUE,http://www.asianetworkexchange.org/about/research-integrity/,TRUE,http://www.asianetworkexchange.org/articles/10.16995/ane.165/,True,http://www.asianetworkexchange.org/about/submissions/,True,http://www.asianetworkexchange.org/about/submissions/,TRUE,TRUE,NA,NA,NA,NA
69f1f429a6334c22b7fa7fb32225b575,2013-05-07T14:21:59Z,2020-02-03T14:17:07Z,The ASIANetwork Exchange: A Journal for Asian Studies in the Liberal Arts,NA,GB,Open Library of Humanities,Ubiquity Press,NA,http://www.asianetworkexchange.org/about/submissions/,http://www.asianetworkexchange.org/about/submissions/,TRUE,14,eissn,1943-9946,2011,NA,http://www.asianetworkexchange.org/about/,Double blind peer review,http://www.asianetworkexchange.org/about/editorialpolicies/,TRUE,http://www.asianetworkexchange.org/about/research-integrity/,TRUE,http://www.asianetworkexchange.org/articles/10.16995/ane.165/,True,http://www.asianetworkexchange.org/about/submissions/,True,http://www.asianetworkexchange.org/about/submissions/,TRUE,TRUE,NA,NA,NA,NA
5f0909800cfa4f74828be1996f2f7989,2011-05-25T14:03:32Z,2020-02-03T14:12:53Z,Інформаційні технології і засоби навчання,TRUE,UA,Institute of Information Technologies and Learning Tools ,OJS,Institute of Information Technologies and Learning Tools,https://journal.iitta.gov.ua/index.php/itlt/fee,https://journal.iitta.gov.ua/index.php/itlt/fee,TRUE,40,pissn,2076-8184,2006,The Vernadsky National Library of Ukraine,https://journal.iitta.gov.ua/index.php/itlt/archiving,Double blind peer review,https://journal.iitta.gov.ua/index.php/itlt/peerreview,TRUE,https://journal.iitta.gov.ua/index.php/itlt/plagiarism,FALSE,,True,https://journal.iitta.gov.ua/index.php/itlt/copyright,True,https://journal.iitta.gov.ua/index.php/itlt/copyright,TRUE,FALSE,NA,NA,NA,Information Technologies and Learning Tools 
2cf1d596e7dd4f8c8f708a43e8d1a423,2015-01-16T15:43:29Z,2020-02-03T14:15:26Z,Em Questão,TRUE,BR,Universidade Federal do Rio Grande do Sul,SEER,Universidade Federal do Rio Grande do Sul,NA,NA,TRUE,25,pissn,1807-8893,2003,NA,http://seer.ufrgs.br/index.php/EmQuestao/about/editorialPolicies#archiving,Blind peer review,http://seer.ufrgs.br/index.php/EmQuestao/about/editorialPolicies#sectionPolicies,TRUE,http://seer.ufrgs.br/index.php/EmQuestao/about/submissions#authorGuidelines,FALSE,,True,http://seer.ufrgs.br/index.php/EmQuestao/about/submissions#copyrightNotice,True,http://seer.ufrgs.br/index.php/EmQuestao/about/submissions#copyrightNotice,TRUE,NA,NA,NA,NA,NA
2cf1d596e7dd4f8c8f708a43e8d1a423,2015-01-16T15:43:29Z,2020-02-03T14:15:26Z,Em Questão,TRUE,BR,Universidade Federal do Rio Grande do Sul,SEER,Universidade Federal do Rio Grande do Sul,NA,NA,TRUE,25,eissn,1808-5245,2003,NA,http://seer.ufrgs.br/index.php/EmQuestao/about/editorialPolicies#archiving,Blind peer review,http://seer.ufrgs.br/index.php/EmQuestao/about/editorialPolicies#sectionPolicies,TRUE,http://seer.ufrgs.br/index.php/EmQuestao/about/submissions#authorGuidelines,FALSE,,True,http://seer.ufrgs.br/index.php/EmQuestao/about/submissions#copyrightNotice,True,http://seer.ufrgs.br/index.php/EmQuestao/about/submissions#copyrightNotice,TRUE,NA,NA,NA,NA,NA
d03121e271bb49cf98af9b8f6c8b3516,2010-08-10T15:27:35Z,2020-02-03T14:11:27Z,Türk Kütüphaneciliği ,TRUE,TR,Türk Kütüphaneciler Derneği (Turkish Librarians' Association),NA,NA,http://www.tk.org.tr/index.php/TK/index,http://www.tk.org.tr/index.php/TK/index,TRUE,5,pissn,1300-0039,1987,NA,NA,Double blind peer review,http://tk.org.tr/index.php/TK/announcement/view/14,FALSE,,FALSE,,False,,False,,TRUE,FALSE,NA,NA,NA,Turkish Librarianship
357c0e685c644e719ae28ca613047e0e,2005-06-14T12:47:03Z,2020-02-03T14:12:23Z,Etica e Politica/Ethics and Politics,NA,IT,EUT Edizioni Università di Trieste,EBSCO Publishing,Università degli studi di Trieste,http://www.openstarts.units.it/dspace/handle/10077/4673,http://www.openstarts.units.it/dspace/handle/10077/4673,TRUE,20,pissn,1825-5167,1999,NA,http://www.openstarts.units.it/dspace/handle/10077/8791,Double blind peer review,http://www.openstarts.units.it/dspace/handle/10077/4673,FALSE,,TRUE,http://www.openstarts.units.it/dspace/handle/10077/4673,True,https://www.openstarts.units.it/dspace/handle/10077/4673,False,,TRUE,FALSE,NA,NA,NA,NA
275759d7d9ee475480a32eb5d312dfd3,2008-02-07T14:13:35Z,2020-02-03T14:11:52Z,Filozofska Istraživanja,NA,HR,Croatian Philosophical Society,Hrčak,Croatian Philosophical Society,http://hrcak.srce.hr/upute/upute_autorima_Filozofska_istrazivanja.pdf,http://hrcak.srce.hr/upute/upute_autorima_Filozofska_istrazivanja.pdf,TRUE,15,pissn,0351-4706,2005,NA,http://hrcak.srce.hr/filozofska-istrazivanja?lang=en,Double blind peer review,http://hrcak.srce.hr/upute/upute_autorima_Filozofska_istrazivanja.pdf,FALSE,,FALSE,,True,http://hrcak.srce.hr/upute/upute_autorima_Filozofska_istrazivanja.pdf,True,http://hrcak.srce.hr/upute/upute_autorima_Filozofska_istrazivanja.pdf,TRUE,FALSE,NA,NA,Hrcak,NA
275759d7d9ee475480a32eb5d312dfd3,2008-02-07T14:13:35Z,2020-02-03T14:11:52Z,Filozofska Istraživanja,NA,HR,Croatian Philosophical Society,Hrčak,Croatian Philosophical Society,http://hrcak.srce.hr/upute/upute_autorima_Filozofska_istrazivanja.pdf,http://hrcak.srce.hr/upute/upute_autorima_Filozofska_istrazivanja.pdf,TRUE,15,eissn,1848-2309,2005,NA,http://hrcak.srce.hr/filozofska-istrazivanja?lang=en,Double blind peer review,http://hrcak.srce.hr/upute/upute_autorima_Filozofska_istrazivanja.pdf,FALSE,,FALSE,,True,http://hrcak.srce.hr/upute/upute_autorima_Filozofska_istrazivanja.pdf,True,http://hrcak.srce.hr/upute/upute_autorima_Filozofska_istrazivanja.pdf,TRUE,FALSE,NA,NA,Hrcak,NA
5070e55616fa47b19af2729e9e2754b9,2013-06-24T19:54:10Z,2020-02-03T14:11:36Z,KOME: An International Journal of Pure Communication Inquiry,NA,HU,Hungarian Communication Studies Association,EBSCO (Communication Source),NA,http://komejournal.com/for-authors.html,http://komejournal.com/for-authors.html,TRUE,15,eissn,2063-7330,2012,National Széchényi Library,http://komejournal.com/home.html,Double blind peer review,http://komejournal.com/for-authors.html,TRUE,http://komejournal.com/files/KOMEpubethics.pdf,FALSE,,False,,False,,TRUE,FALSE,NA,NA,Library of the Hungarian Academy of Sciences ,KOME
1642c0a3d74d4218951a597b3ed1193e,2012-07-13T10:25:34Z,2020-02-03T14:16:42Z,In Situ : Revue de Patrimoines,TRUE,FR,Ministère de la Culture et de la Communication,revues.org,NA,http://insitu.revues.org/?page=informations,http://insitu.revues.org/?page=informations,TRUE,40,eissn,1630-7305,2001,NA,NA,Peer review,http://insitu.revues.org/399,FALSE,,FALSE,,False,,False,,TRUE,FALSE,NA,NA,NA,NA
5e5880a7e8004770943a3306dda2c74b,2015-12-21T11:22:57Z,2020-02-03T14:11:14Z,Slovenský Národopis,NA,SK,Sciendo ,Slovak Academy of Sciences,"Institute of Ethnology, Slovak Academy of Sciences",http://www.uet.sav.sk/?q=en/guidelines-contributors,http://www.uet.sav.sk/?q=en/guidelines-contributors,TRUE,26,pissn,1335-1303,2013,NA,NA,Double blind peer review,http://www.uet.sav.sk/?q=en/peer-review-and-guidelines-reviewers,FALSE,,FALSE,,False,,False,,TRUE,FALSE,NA,NA,NA,Slovak Ethnology
5e5880a7e8004770943a3306dda2c74b,2015-12-21T11:22:57Z,2020-02-03T14:11:14Z,Slovenský Národopis,NA,SK,Sciendo ,Slovak Academy of Sciences,"Institute of Ethnology, Slovak Academy of Sciences",http://www.uet.sav.sk/?q=en/guidelines-contributors,http://www.uet.sav.sk/?q=en/guidelines-contributors,TRUE,26,eissn,1339-9357,2013,NA,NA,Double blind peer review,http://www.uet.sav.sk/?q=en/peer-review-and-guidelines-reviewers,FALSE,,FALSE,,False,,False,,TRUE,FALSE,NA,NA,NA,Slovak Ethnology
acaa3d478a9340ad9c2ce03fda1dfed0,2014-11-24T09:57:29Z,2020-02-03T14:17:16Z,IEEE Access,TRUE,US,IEEE,IEEE Xplore Digital Library,NA,https://ieeeaccess.ieee.org/learn-more-about-ieee-access/,http://ieeexplore.ieee.org/xpl/RecentIssue.jsp?punumber=6287639,FALSE,6,eissn,2169-3536,2013,NA,https://thekeepers.org/journals?query=2169-3536,Blind peer review,https://ieeeaccess.ieee.org/the-rapid-peer-review-advantage/,TRUE,https://ieeeaccess.ieee.org/submitting-an-article/,TRUE,https://ieeexplore.ieee.org/document/8573809,True,https://open.ieee.org/index.php/about-ieee-open-access/faqs/#copyright_license,True,https://open.ieee.org/index.php/about-ieee-open-access/faqs/#copyright_license,TRUE,FALSE,USD,1750,Scholars Portal,NA
6d2d8ce8b53c40319930c4ff8d19db69,2013-03-17T10:04:27Z,2020-02-03T14:14:32Z,Métodos de Información,NA,ES,Col·legi Oficial de Bibliotecaris i Documentalistes de la Comunitat Valenciana,OJS,Col·legi Oficial de Bibliotecaris i Documentalistes de la Comunitat Valenciana,http://www.metodosdeinformacion.es/mei/index.php/mei/about/editorialPolicies#openAccessPolicy,http://www.metodosdeinformacion.es/mei/index.php/mei/about/editorialPolicies#openAccessPolicy,TRUE,8,pissn,1134-2838,2010,NA,http://www.metodosdeinformacion.es/mei/index.php/mei/about/editorialPolicies#focusAndScope,Double blind peer review,http://www.metodosdeinformacion.es/mei/index.php/mei/about/editorialPolicies#peerReviewProcess,FALSE,,FALSE,,True,http://www.metodosdeinformacion.es/mei/index.php/mei/about/submissions#copyrightNotice,True,http://www.metodosdeinformacion.es/mei/index.php/mei/about/submissions#copyrightNotice,TRUE,FALSE,NA,NA,NA,NA
6d2d8ce8b53c40319930c4ff8d19db69,2013-03-17T10:04:27Z,2020-02-03T14:14:32Z,Métodos de Información,NA,ES,Col·legi Oficial de Bibliotecaris i Documentalistes de la Comunitat Valenciana,OJS,Col·legi Oficial de Bibliotecaris i Documentalistes de la Comunitat Valenciana,http://www.metodosdeinformacion.es/mei/index.php/mei/about/editorialPolicies#openAccessPolicy,http://www.metodosdeinformacion.es/mei/index.php/mei/about/editorialPolicies#openAccessPolicy,TRUE,8,eissn,2173-1241,2010,NA,http://www.metodosdeinformacion.es/mei/index.php/mei/about/editorialPolicies#focusAndScope,Double blind peer review,http://www.metodosdeinformacion.es/mei/index.php/mei/about/editorialPolicies#peerReviewProcess,FALSE,,FALSE,,True,http://www.metodosdeinformacion.es/mei/index.php/mei/about/submissions#copyrightNotice,True,http://www.metodosdeinformacion.es/mei/index.php/mei/about/submissions#copyrightNotice,TRUE,FALSE,NA,NA,NA,NA
4101efb64103460e9ea0673229c212e5,2011-11-15T16:06:40Z,2020-02-03T14:18:22Z,SCIRES-IT : SCIentific RESearch and Information Technology,NA,IT,CASPUR-CIBER Publishing,OJS,NA,http://www.sciresit.it/about/editorialPolicies#custom-7,http://www.sciresit.it/about/editorialPolicies#custom-7,TRUE,16,eissn,2239-4303,2011,NA,http://caspur-ciberpublishing.it/index.php/scires-it/about/editorialPolicies#custom-0,Double blind peer review,http://www.sciresit.it/about/editorialPolicies#peerReviewProcess,FALSE,,TRUE,http://www.sciresit.it/article/view/13066/11820,True,http://www.sciresit.it/about/submissions#copyrightNotice,True,http://www.sciresit.it/about/submissions#copyrightNotice,TRUE,FALSE,NA,NA,NA,SCIRES-IT : Ricerca Scientifica e Tecnologie dell'Informazione
c4de933d69e24e188ccb3a284e3fe131,2017-10-18T12:02:52Z,2020-02-21T12:27:51Z,Baltic Journal of Economic Studies,NA,LV,Izdevnieciba “Baltija Publishing”,OJS,NA,http://www.baltijapublishing.lv/index.php/issue/about/journalSponsorship,http://www.baltijapublishing.lv/index.php/issue/about/journalSponsorship,TRUE,12,pissn,2256-0742,2015,NA,http://www.baltijapublishing.lv/index.php/issue/gateway/lockss?year=2015,Double blind peer review,http://www.baltijapublishing.lv/index.php/issue/about/editorialPolicies#peerReviewProcess,FALSE,,FALSE,,False,,False,,TRUE,FALSE,EUR,1000,NA,NA
c4de933d69e24e188ccb3a284e3fe131,2017-10-18T12:02:52Z,2020-02-21T12:27:51Z,Baltic Journal of Economic Studies,NA,LV,Izdevnieciba “Baltija Publishing”,OJS,NA,http://www.baltijapublishing.lv/index.php/issue/about/journalSponsorship,http://www.baltijapublishing.lv/index.php/issue/about/journalSponsorship,TRUE,12,eissn,2256-0963,2015,NA,http://www.baltijapublishing.lv/index.php/issue/gateway/lockss?year=2015,Double blind peer review,http://www.baltijapublishing.lv/index.php/issue/about/editorialPolicies#peerReviewProcess,FALSE,,FALSE,,False,,False,,TRUE,FALSE,EUR,1000,NA,NA
b4cba6d56c304a799ca5f96490785d1c,2018-09-20T00:28:10Z,2020-02-03T14:12:23Z,Revista EDaPECI: Educação a Distância e Práticas Educativas Comunicacionais e Interculturais,NA,BR,Universidade Federal de Sergipe,OJS SEER,Universidade Federal de Sergipe,https://seer.ufs.br/index.php/edapeci/about/editorialPolicies#custom-2,https://seer.ufs.br/index.php/edapeci/about/editorialPolicies#custom-2,TRUE,8,eissn,2176-171X,2009,NA,https://seer.ufs.br/index.php/edapeci/about/editorialPolicies#custom-1,Blind peer review,https://seer.ufs.br/index.php/edapeci/about/editorialPolicies#peerReviewProcess,FALSE,,FALSE,,False,,False,,TRUE,NA,NA,NA,NA,Revista EDaPECI
d71074292ca24d3d977ac6a09456d7c8,2013-10-17T16:30:49Z,2020-02-03T14:18:35Z,Index Comunicación ,TRUE,ES,Universidad Rey Juan Carlos,OJS,"Universidad Rey Juan Carlos, Departamento de Comunicación I",http://journals.sfu.ca/indexcomunicacion/index.php/indexcomunicacion/about/editorialPolicies#openAccessPolicy,http://journals.sfu.ca/indexcomunicacion/index.php/indexcomunicacion/about/editorialPolicies#openAccessPolicy,FALSE,8,pissn,2444-3239,2011,NA,http://journals.sfu.ca/indexcomunicacion/index.php/indexcomunicacion/about/editorialPolicies#archiving,Double blind peer review,http://journals.sfu.ca/indexcomunicacion/index.php/indexcomunicacion/about/editorialPolicies#peerReviewProcess,FALSE,,FALSE,,True,http://journals.sfu.ca/indexcomunicacion/index.php/indexcomunicacion/about/submissions#copyrightNotice,True,http://journals.sfu.ca/indexcomunicacion/index.php/indexcomunicacion/about/submissions#copyrightNotice,TRUE,FALSE,NA,NA,NA,NA
d71074292ca24d3d977ac6a09456d7c8,2013-10-17T16:30:49Z,2020-02-03T14:18:35Z,Index Comunicación ,TRUE,ES,Universidad Rey Juan Carlos,OJS,"Universidad Rey Juan Carlos, Departamento de Comunicación I",http://journals.sfu.ca/indexcomunicacion/index.php/indexcomunicacion/about/editorialPolicies#openAccessPolicy,http://journals.sfu.ca/indexcomunicacion/index.php/indexcomunicacion/about/editorialPolicies#openAccessPolicy,FALSE,8,eissn,2174-1859,2011,NA,http://journals.sfu.ca/indexcomunicacion/index.php/indexcomunicacion/about/editorialPolicies#archiving,Double blind peer review,http://journals.sfu.ca/indexcomunicacion/index.php/indexcomunicacion/about/editorialPolicies#peerReviewProcess,FALSE,,FALSE,,True,http://journals.sfu.ca/indexcomunicacion/index.php/indexcomunicacion/about/submissions#copyrightNotice,True,http://journals.sfu.ca/indexcomunicacion/index.php/indexcomunicacion/about/submissions#copyrightNotice,TRUE,FALSE,NA,NA,NA,NA
d71074292ca24d3d977ac6a09456d7c8,2013-10-17T16:30:49Z,2020-02-03T14:18:35Z,Index Comunicación ,TRUE,ES,Universidad Rey Juan Carlos,OJS,"Universidad Rey Juan Carlos, Departamento de Comunicación I",http://journals.sfu.ca/indexcomunicacion/index.php/indexcomunicacion/about/editorialPolicies#openAccessPolicy,http://journals.sfu.ca/indexcomunicacion/index.php/indexcomunicacion/about/editorialPolicies#openAccessPolicy,FALSE,8,pissn,2444-3239,2011,NA,http://journals.sfu.ca/indexcomunicacion/index.php/indexcomunicacion/about/editorialPolicies#archiving,Double blind peer review,http://journals.sfu.ca/indexcomunicacion/index.php/indexcomunicacion/about/editorialPolicies#peerReviewProcess,FALSE,,FALSE,,True,http://journals.sfu.ca/indexcomunicacion/index.php/indexcomunicacion/about/submissions#copyrightNotice,True,http://journals.sfu.ca/indexcomunicacion/index.php/indexcomunicacion/about/submissions#copyrightNotice,TRUE,FALSE,NA,NA,NA,NA
d71074292ca24d3d977ac6a09456d7c8,2013-10-17T16:30:49Z,2020-02-03T14:18:35Z,Index Comunicación ,TRUE,ES,Universidad Rey Juan Carlos,OJS,"Universidad Rey Juan Carlos, Departamento de Comunicación I",http://journals.sfu.ca/indexcomunicacion/index.php/indexcomunicacion/about/editorialPolicies#openAccessPolicy,http://journals.sfu.ca/indexcomunicacion/index.php/indexcomunicacion/about/editorialPolicies#openAccessPolicy,FALSE,8,eissn,2174-1859,2011,NA,http://journals.sfu.ca/indexcomunicacion/index.php/indexcomunicacion/about/editorialPolicies#archiving,Double blind peer review,http://journals.sfu.ca/indexcomunicacion/index.php/indexcomunicacion/about/editorialPolicies#peerReviewProcess,FALSE,,FALSE,,True,http://journals.sfu.ca/indexcomunicacion/index.php/indexcomunicacion/about/submissions#copyrightNotice,True,http://journals.sfu.ca/indexcomunicacion/index.php/indexcomunicacion/about/submissions#copyrightNotice,TRUE,FALSE,NA,NA,NA,NA
f1ecfa95f9824aed93964a3116a0dda0,2015-05-02T11:31:10Z,2020-02-24T15:52:26Z,"Economic and Social Changes: Facts, Trends, Forecast",NA,RU,ISEDT RAS,ISEDT RAS,ISEDT RAS,http://esc.vscc.ac.ru/?module=Articles&action=view&aid=4693?module=Articles&action=view&aid=4698,http://esc.vscc.ac.ru/?module=Articles&action=view&aid=4693?module=Articles&action=view&aid=4698,TRUE,12,pissn,2307-0331,2009,NA,NA,Blind peer review,http://esc.vscc.ac.ru/?module=Articles&action=view&aid=5,FALSE,http://esc.vscc.ac.ru/?module=Articles&action=view&aid=5,FALSE,http://esc.vscc.ac.ru/?module=Articles&action=view&aid=5&lang=en,True,http://esc.vscc.ac.ru/?module=Articles&action=view&aid=4692,True,http://esc.vscc.ac.ru/?module=Articles&action=view&aid=4692,TRUE,FALSE,RUB,350,NA,"Èkonomičeskie i Socialʹnye Peremeny: Fakty, Tendencii, Prognoz"
f1ecfa95f9824aed93964a3116a0dda0,2015-05-02T11:31:10Z,2020-02-24T15:52:26Z,"Economic and Social Changes: Facts, Trends, Forecast",NA,RU,ISEDT RAS,ISEDT RAS,ISEDT RAS,http://esc.vscc.ac.ru/?module=Articles&action=view&aid=4693?module=Articles&action=view&aid=4698,http://esc.vscc.ac.ru/?module=Articles&action=view&aid=4693?module=Articles&action=view&aid=4698,TRUE,12,eissn,2312-9824,2009,NA,NA,Blind peer review,http://esc.vscc.ac.ru/?module=Articles&action=view&aid=5,FALSE,http://esc.vscc.ac.ru/?module=Articles&action=view&aid=5,FALSE,http://esc.vscc.ac.ru/?module=Articles&action=view&aid=5&lang=en,True,http://esc.vscc.ac.ru/?module=Articles&action=view&aid=4692,True,http://esc.vscc.ac.ru/?module=Articles&action=view&aid=4692,TRUE,FALSE,RUB,350,NA,"Èkonomičeskie i Socialʹnye Peremeny: Fakty, Tendencii, Prognoz"
06f8213373614e848e090b96fe19f5e0,2004-01-30T00:00:00Z,2020-02-03T14:13:40Z,JCOM: Journal of Science Communication,NA,IT,Sissa Medialab,Scuola Internazionale Superiore di Studi Avanzati (SISSA),Scuola Internazionale Superiore di Studi Avanzati (SISSA),http://jcom.sissa.it/about,http://jcom.sissa.it/about,TRUE,5,eissn,1824-2049,2002,NA,NA,Double blind peer review,http://jcom.sissa.it/about,FALSE,,FALSE,,True,http://jcom.sissa.it/jcom/help/helpLoader.jsp?pgType=author#copyright_statement,False,,TRUE,FALSE,NA,NA,NA,NA
6a8fb6e7b461464595534904253ee789,2018-04-14T12:07:25Z,2020-02-03T14:15:58Z,Revista Teknokultura,TRUE,ES,Universidad Complutense de Madrid,OJS,Universidad Complutense de Madrid,http://revistas.ucm.es/index.php/TEKN/about/submissions#copyrightNotice,http://revistas.ucm.es/index.php/TEKN/about/submissions#copyrightNotice,TRUE,8,eissn,1549-2230,2011,NA,NA,Double blind peer review,http://revistas.ucm.es/index.php/TEKN/about/editorialPolicies#peerReviewProcess,FALSE,,FALSE,,False,,False,,TRUE,FALSE,NA,NA,NA,NA
0da2138fe14e4399b1389715295f2941,2015-04-24T15:04:35Z,2020-02-24T03:28:42Z,Review of Communication Research,NA,ES,Review of Communication Research,Joomla!,NA,https://www.rcommunicationr.org/index.php/about-rcr/aims-scope,https://www.rcommunicationr.org/index.php/about-rcr/aims-scope,TRUE,16,eissn,2255-4165,2013,NA,NA,Double blind peer review,https://www.rcommunicationr.org/index.php/about-rcr/peer-review-process,FALSE,,TRUE,https://www.rcommunicationr.org/index.php/articles/volume-5-2017,False,http://www.rcommunicationr.org/index.php/about-rcr/copyrights,False,http://www.rcommunicationr.org/index.php/about-rcr/copyrights,TRUE,FALSE,NA,NA,NA,RCR
d07424e04aba444eb9c1a2ce81bfbfb4,2008-11-25T11:07:33Z,2020-02-03T14:18:28Z,"tripleC: Communication, Capitalism & Critique",TRUE,GB,tripleC,OJS,NA,http://www.triple-c.at/index.php/tripleC/about/editorialPolicies#openAccessPolicy,http://www.triple-c.at/index.php/tripleC/about/editorialPolicies#openAccessPolicy,FALSE,16,eissn,1726-670X,2003,NA,http://www.triple-c.at/index.php/tripleC/about/editorialPolicies#archiving,Peer review,http://www.triple-c.at/index.php/tripleC/about/editorialPolicies#peerReviewProcess,FALSE,,FALSE,,False,,False,,TRUE,FALSE,NA,NA,NA,Journal for a Global Sustainable Information Society
