algorithm_version,doi,doi_resolver,evidence,free_fulltext_url,is_boai_license,is_free_to_read,is_subscription_journal,license,oa_color,title,url
2,10.4312/dp.45.2,crossref,open (via page says license),https://revije.ff.uni-lj.si/DocumentaPraehistorica/article/download/45.2/8427,FALSE,TRUE,FALSE,cc-by-sa,gold,The Epipalaeolithic-Neolithic as the pivotal transformation of human history,https://doi.org/10.4312/dp.45.2
2,10.1109/ciced.2018.8592436,crossref,NA,NA,FALSE,FALSE,TRUE,NA,closed,Multi-objective Optimization Method of Annual Power Cut Plan Based on DMODA Algorithm,https://doi.org/10.1109/ciced.2018.8592436
2,10.3390/su10124784,crossref,open (via page says license),https://www.mdpi.com/2071-1050/10/12/4784/pdf,TRUE,TRUE,FALSE,cc-by,gold,Ecological Niche Space of Fish Communities in Impounded Sections of Large Rivers: Its Application to Assessment of the Impact of Weirs on River Ecosystems,https://doi.org/10.3390/su10124784
2,10.1016/j.pbiomolbio.2018.04.006,crossref,NA,NA,FALSE,FALSE,TRUE,NA,closed,Four Domains: The Fundamental Unicell and Post-Darwinian Cognition-Based Evolution,https://doi.org/10.1016/j.pbiomolbio.2018.04.006
2,10.3167/proj.2018.120202,crossref,NA,NA,FALSE,FALSE,TRUE,NA,closed,"Film, Art, and the Third Culture",https://doi.org/10.3167/proj.2018.120202
2,10.1007/s11569-018-0332-y,crossref,NA,NA,FALSE,FALSE,TRUE,NA,closed,Are Better Workers Also Better Humans? On Pharmacological Cognitive Enhancement in the Workplace and Conflicting Societal Domains,https://doi.org/10.1007/s11569-018-0332-y
2,10.3167/proj.2018.120214,crossref,NA,NA,FALSE,FALSE,TRUE,NA,closed,"Film, Art, and the Third Culture",https://doi.org/10.3167/proj.2018.120214
2,10.1086/700094,crossref,oa repository (via OAI-PMH doi match),https://serval.unil.ch/resource/serval:BIB_7C71A3D8CED2.P001/REF.pdf,FALSE,TRUE,TRUE,cc-by-nc,green,"Eco-Evolutionary Dynamics in Metacommunities: Ecological Inheritance, Helping within Species, and Harming between Species",https://doi.org/10.1086/700094
2,10.1038/s41598-018-24641-3,crossref,open (via page says license),https://www.nature.com/articles/s41598-018-24641-3.pdf,TRUE,TRUE,FALSE,cc-by,gold,Human and ecological determinants of the spatial structure of local breed diversity,https://doi.org/10.1038/s41598-018-24641-3
2,10.2478/eje-2018-0018,crossref,open (via page says license),https://content.sciendo.com/downloadpdf/journals/eje/4/2/article-p111.pdf,FALSE,TRUE,FALSE,cc-by-nc-nd,gold,The conceptual structure of evolutionary biology: A framework from phenotypic plasticity,https://doi.org/10.2478/eje-2018-0018
2,10.1007/s13164-017-0347-2,crossref,NA,NA,FALSE,FALSE,TRUE,NA,closed,Teaching in Hunter-Gatherers,https://doi.org/10.1007/s13164-017-0347-2
2,10.1007/s11160-018-9526-1,crossref,NA,NA,FALSE,FALSE,TRUE,NA,closed,"Biology, ecology and biogeography of the South American silver croaker, an important Neotropical fish species in South America",https://doi.org/10.1007/s11160-018-9526-1
2,10.1007/978-981-13-2140-5_13,crossref,NA,NA,FALSE,FALSE,TRUE,NA,closed,Genomics Approaches for Biotic and Abiotic Stress Improvement in Tea,https://doi.org/10.1007/978-981-13-2140-5_13
2,10.1007/s00407-018-0215-1,crossref,NA,NA,FALSE,FALSE,TRUE,NA,closed,The astronomical orientation of the historical Grand mosques in Anatolia (Turkey),https://doi.org/10.1007/s00407-018-0215-1
2,10.1016/j.ecss.2018.02.022,crossref,NA,NA,FALSE,FALSE,TRUE,NA,closed,"Grazers, pathogens and shelf-shading enhance phytoplankton species richness more and reduce productivity less when environments are less dynamic: A theoretical study",https://doi.org/10.1016/j.ecss.2018.02.022
2,10.1073/pnas.1809606115,crossref,open (via page says license),https://www.pnas.org/content/pnas/115/42/10696.full.pdf,FALSE,TRUE,TRUE,cc-by-nc-nd,hybrid,Diplogastrellus nematodes are sexually transmitted mutualists that alter the bacterial and fungal communities of their beetle host,https://doi.org/10.1073/pnas.1809606115
2,10.1016/j.jtbi.2018.07.002,crossref,open (via crossref license),https://doi.org/10.1016/j.jtbi.2018.07.002,TRUE,TRUE,TRUE,cc-by,hybrid,Free-energy minimization in joint agent-environment systems: A niche construction perspective,https://doi.org/10.1016/j.jtbi.2018.07.002
2,10.1007/s10764-018-0033-y,crossref,NA,NA,FALSE,FALSE,TRUE,NA,closed,Investigating Niche Construction in Dynamic Human-Animal Landscapes: Bridging Ecological and Evolutionary Timescales,https://doi.org/10.1007/s10764-018-0033-y
2,10.1111/eth.12799,crossref,oa repository (via OAI-PMH doi match),https://e-space.mmu.ac.uk/621500/7/Stanley_et_al-2018-Ethology-1.pdf,FALSE,TRUE,TRUE,NA,green,Female clustering in cockroach aggregations-A case of social niche construction?,https://doi.org/10.1111/eth.12799
2,10.1007/s10745-018-0020-0,crossref,open (via page says license),https://link.springer.com/content/pdf/10.1007%2Fs10745-018-0020-0.pdf,TRUE,TRUE,TRUE,cc-by,hybrid,"Disequilibrium, Adaptation, and the Norse Settlement of Greenland",https://doi.org/10.1007/s10745-018-0020-0
2,10.1016/j.jasrep.2018.08.036,crossref,NA,NA,FALSE,FALSE,TRUE,NA,closed,OSL dating of pre-terraced and terraced landscape: Land transformation in Jerusalem's rural hinterland,https://doi.org/10.1016/j.jasrep.2018.08.036
2,10.1007/s11368-018-2005-4,crossref,open (via page says license),https://link.springer.com/content/pdf/10.1007%2Fs11368-018-2005-4.pdf,TRUE,TRUE,TRUE,cc-by,hybrid,"Form, function and physics: the ecology of biogenic stabilisation",https://doi.org/10.1007/s11368-018-2005-4
2,10.1111/soru.12215,crossref,NA,NA,FALSE,FALSE,TRUE,NA,closed,Economising the rural: how new markets and property rights transform rural economies,https://doi.org/10.1111/soru.12215
2,10.1007/s12195-018-0552-9,crossref,oa repository (via pmcid lookup),https://www.ncbi.nlm.nih.gov/pmc/articles/PMC6816592,FALSE,TRUE,TRUE,NA,green,Engineered Stochastic Adhesion Between Microbes as a Protection Mechanism Against Environmental Stress,https://doi.org/10.1007/s12195-018-0552-9
2,10.1016/j.quaint.2016.12.033,crossref,oa repository (via OAI-PMH doi match),https://espace.library.uq.edu.au/view/UQ:554104/UQ554104_OA.pdf,FALSE,TRUE,TRUE,NA,green,Moving past the ‘Neolithic problem’: The development and interaction of subsistence systems across northern Sahul,https://doi.org/10.1016/j.quaint.2016.12.033
2,10.1186/s13287-018-0971-5,crossref,open (via page says license),https://stemcellres.biomedcentral.com/track/pdf/10.1186/s13287-018-0971-5,TRUE,TRUE,FALSE,cc-by,gold,"Decellularized human ovarian scaffold based on a sodium lauryl ester sulfate (SLES)-treated protocol, as a natural three-dimensional scaffold for construction of bioengineered ovaries",https://doi.org/10.1186/s13287-018-0971-5
2,10.1080/00222933.2018.1537408,crossref,NA,NA,FALSE,FALSE,TRUE,NA,closed,The Picture of Dorian Gray: shell corrosion allows freshwater and brackish-water gastropods to masquerade as empty shells,https://doi.org/10.1080/00222933.2018.1537408
2,10.3390/toxins10090378,crossref,open (via page says license),https://www.mdpi.com/2072-6651/10/9/378/pdf,TRUE,TRUE,FALSE,cc-by,gold,The Streptococcus pneumoniae yefM-yoeB and relBE Toxin-Antitoxin Operons Participate in Oxidative Stress and Biofilm Formation,https://doi.org/10.3390/toxins10090378
2,10.1016/j.foreco.2018.04.051,crossref,NA,NA,FALSE,FALSE,TRUE,NA,closed,Tamm review: Tree interactions between myth and reality,https://doi.org/10.1016/j.foreco.2018.04.051
2,10.1016/j.jaa.2018.06.007,crossref,NA,NA,FALSE,FALSE,TRUE,NA,closed,The prevalence and importance of niche construction in agricultural development in Polynesia,https://doi.org/10.1016/j.jaa.2018.06.007
2,10.1016/j.ecocom.2018.04.004,crossref,NA,NA,FALSE,FALSE,TRUE,NA,closed,Ecosystems as Chimeras: A thought experiment in Rosennean Complexity,https://doi.org/10.1016/j.ecocom.2018.04.004
2,10.1007/s10329-018-0673-8,crossref,NA,NA,FALSE,FALSE,TRUE,NA,closed,Integrating expert knowledge and ecological niche models to estimate Mexican primates’ distribution,https://doi.org/10.1007/s10329-018-0673-8
2,10.1371/journal.pone.0203744,crossref,open (via page says license),https://journals.plos.org/plosone/article/file?id=10.1371/journal.pone.0203744&type=printable,TRUE,TRUE,FALSE,cc-by,gold,Influence of construction and demolition waste on fitness and community structure of cicada nymphs: New bioindicators of soil pollution,https://doi.org/10.1371/journal.pone.0203744
2,10.5038/1827-806x.47.3.2208,crossref,open (via page says license),https://scholarcommons.usf.edu/cgi/viewcontent.cgi?article=2208&context=ijs,FALSE,TRUE,FALSE,cc-by-nc,gold,The role of mites in the construction and weathering of siliceous biospeleothems,https://doi.org/10.5038/1827-806x.47.3.2208
2,10.1111/1365-2435.13139,crossref,NA,NA,FALSE,FALSE,TRUE,NA,closed,The balance of canopy and soil effects determines intraspecific differences in foundation species’ effects on associated plants,https://doi.org/10.1111/1365-2435.13139
2,10.1111/oik.05215,crossref,open (via page says license),https://www.onlinelibrary.wiley.com/doi/pdfdirect/10.1111/oik.05215,TRUE,TRUE,TRUE,cc-by,hybrid,Adaptive maternal behavioral plasticity and developmental programming mitigate the transgenerational effects of temperature in dung beetles,https://doi.org/10.1111/oik.05215
2,10.1111/modl.12496,crossref,NA,NA,FALSE,FALSE,TRUE,NA,closed,Language Learning Great and Small: Environmental Support Structures and Learning Opportunities in a Sociocognitive Approach to Second Language Acquisition/Teaching,https://doi.org/10.1111/modl.12496
2,10.1111/oik.05199,crossref,oa repository (via OAI-PMH doi match),https://www.zora.uzh.ch/id/eprint/151799/1/oik.05199.pdf,FALSE,TRUE,TRUE,NA,green,Plant life history stage and nurse age change the development of ecological networks in an arid ecosystem,https://doi.org/10.1111/oik.05199
2,10.1007/s12088-018-0726-0,crossref,oa repository (via pmcid lookup),https://www.ncbi.nlm.nih.gov/pmc/articles/PMC6023810,FALSE,TRUE,TRUE,NA,green,An Approach to In Silico Dissection of Bacterial Intelligence Through Selective Genomic Tools,https://doi.org/10.1007/s12088-018-0726-0
2,10.3391/ai.2018.13.3.05,crossref,oa journal (via doaj),https://doi.org/10.3391/ai.2018.13.3.05,TRUE,TRUE,FALSE,cc-by,gold,Do Singapore’s seawalls host non-native marine molluscs?,https://doi.org/10.3391/ai.2018.13.3.05
2,10.1098/rstb.2018.0253,crossref,open (via page says license),https://royalsocietypublishing.org/doi/pdf/10.1098/rstb.2018.0253,TRUE,TRUE,TRUE,cc-by,hybrid,Can we identify general architectural principles that impact the collective behaviour of both human and animal systems?,https://doi.org/10.1098/rstb.2018.0253
2,10.1186/s12983-018-0277-6,crossref,oa journal (via doaj),https://doi.org/10.1186/s12983-018-0277-6,TRUE,TRUE,FALSE,cc-by,gold,Skeletomuscular adaptations of head and legs of Melissotarsus ants for tunnelling through living wood,https://doi.org/10.1186/s12983-018-0277-6
2,10.3390/su10082824,crossref,open (via page says license),https://www.mdpi.com/2071-1050/10/8/2824/pdf,TRUE,TRUE,FALSE,cc-by,gold,"Niche Evolution of China’s Provincial Social–Economic–Natural Complex Ecosystems, 2005–2015",https://doi.org/10.3390/su10082824
2,10.1080/00438243.2018.1527246,crossref,NA,NA,FALSE,FALSE,TRUE,NA,closed,Cultural heritage and climate adaptation: a cultural evolutionary perspective for the Anthropocene,https://doi.org/10.1080/00438243.2018.1527246
2,10.1007/s12304-018-9323-1,crossref,NA,NA,FALSE,FALSE,TRUE,NA,closed,Semiotic Mechanisms Underlying Niche Construction,https://doi.org/10.1007/s12304-018-9323-1
2,10.1111/ecog.03457,crossref,NA,NA,FALSE,FALSE,TRUE,NA,closed,Quantifying the climatic niche of symbiont partners in a lichen symbiosis indicates mutualist-mediated niche expansions,https://doi.org/10.1111/ecog.03457
2,10.1007/s12304-018-9322-2,crossref,NA,NA,FALSE,FALSE,TRUE,NA,closed,"Biosemiotics, the Extended Synthesis, and Ecological Information: Making Sense of the Organism-Environment Relation at the Cognitive Level",https://doi.org/10.1007/s12304-018-9322-2
2,10.1007/s12304-018-9328-9,crossref,NA,NA,FALSE,FALSE,TRUE,NA,closed,Evolution by Meaning Attribution: Notes on Biosemiotic Interpretations of Extended Evolutionary Synthesis,https://doi.org/10.1007/s12304-018-9328-9
2,10.1016/j.geoderma.2018.02.040,crossref,NA,NA,FALSE,FALSE,TRUE,NA,closed,"Good ant, bad ant? Soil engineering by ants in the Brazilian Caatinga differs by species",https://doi.org/10.1016/j.geoderma.2018.02.040
2,10.1007/s00248-017-1140-6,crossref,oa repository (via OAI-PMH doi match),https://digibug.ugr.es/bitstream/10481/58162/1/Ectoparasites%20and%20bacteria%20v3.pdf,FALSE,TRUE,TRUE,cc-by-nc-nd,green,Ectoparasite Activity During Incubation Increases Microbial Growth on Avian Eggs,https://doi.org/10.1007/s00248-017-1140-6
2,10.17159/2411-9717/2018/v118n8a13,crossref,open (via page says license),http://www.scielo.org.za/pdf/jsaimm/v118n8/15.pdf,TRUE,TRUE,FALSE,cc-by,gold,A preliminary qualitative evaluation of a hydraulic splitting cylinder for breaking rock in deep-level mining,https://doi.org/10.17159/2411-9717/2018/v118n8a13
2,10.1104/pp.18.00401,crossref,open (via free pdf),http://www.plantphysiol.org/content/plantphysiol/177/4/1650.full.pdf,FALSE,TRUE,TRUE,NA,bronze,The 6xABRE synthetic promoter enables the spatiotemporal analysis of ABA-mediated transcriptional regulation,https://doi.org/10.1104/pp.18.00401
2,10.3389/fpsyg.2018.01307,crossref,open (via page says license),https://www.frontiersin.org/articles/10.3389/fpsyg.2018.01307/pdf,TRUE,TRUE,FALSE,cc-by,gold,Editorial: Affectivity Beyond the Skin,https://doi.org/10.3389/fpsyg.2018.01307
2,10.3897/natureconservation.28.25067,crossref,open (via free pdf),https://natureconservation.pensoft.net/article/25067/download/pdf/,FALSE,TRUE,FALSE,NA,gold,What is biological cultural heritage and why should we care about it? An example from Swedish rural landscapes and forests,https://doi.org/10.3897/natureconservation.28.25067
2,10.1080/17439760.2017.1291855,crossref,NA,NA,FALSE,FALSE,TRUE,NA,closed,Mind the gap: evolutionary psychological perspectives on human thriving,https://doi.org/10.1080/17439760.2017.1291855
2,10.1086/697471,crossref,oa repository (semantic scholar lookup),http://pdfs.semanticscholar.org/ad89/bce7d589318f5d96348c79595d2888dc65be.pdf,FALSE,TRUE,TRUE,NA,green,The Role of Pleiotropy in the Evolutionary Maintenance of Positive Niche Construction,https://doi.org/10.1086/697471
2,10.1371/journal.pcbi.1006340,crossref,open (via page says license),https://journals.plos.org/ploscompbiol/article/file?id=10.1371/journal.pcbi.1006340&type=printable,TRUE,TRUE,FALSE,cc-by,gold,An enormous potential for niche construction through bacterial cross-feeding in a homogeneous environment,https://doi.org/10.1371/journal.pcbi.1006340
2,10.1111/nph.15164,crossref,open (via free article),https://nph.onlinelibrary.wiley.com/doi/pdfdirect/10.1111/nph.15164,FALSE,TRUE,TRUE,NA,bronze,Lifestyle of the biotroph Agrobacterium tumefaciens in the ecological niche constructed on its host plant,https://doi.org/10.1111/nph.15164
2,10.1016/j.pbiomolbio.2017.12.003,crossref,"open (via crossref license, author manuscript)",https://manuscript.elsevier.com/S0079610717302304/pdf/S0079610717302304.pdf,FALSE,TRUE,TRUE,elsevier-specific: oa user license,hybrid,Terminal addition in a cellular world,https://doi.org/10.1016/j.pbiomolbio.2017.12.003
2,10.1016/j.actbio.2018.04.047,crossref,NA,NA,FALSE,FALSE,TRUE,NA,closed,Construction of tendon replacement tissue based on collagen sponge and mesenchymal stem cells by coupled mechano-chemical induction and evaluation of its tendon repair abilities,https://doi.org/10.1016/j.actbio.2018.04.047
2,10.14198/inturi2018.16.03,crossref,open (via page says license),http://rua.ua.es/dspace/bitstream/10045/84548/1/Investigaciones-Turisticas_16_03.pdf,TRUE,TRUE,FALSE,cc-by,gold,"Análisis interpretativo del impacto del turismo en el patrimonio cultural artesanal. Tepoztlán, México",https://doi.org/10.14198/inturi2018.16.03
2,10.3354/meps12596,crossref,NA,NA,FALSE,FALSE,TRUE,NA,closed,Sensitivity of a fish time-series analysis to guild construction: a case study of the Mullica River-Great Bay ecosystem,https://doi.org/10.3354/meps12596
2,10.3791/57235,crossref,oa repository (semantic scholar lookup),http://pdfs.semanticscholar.org/e95d/e3981a7afaf5d8069b297f242e203ffdb552.pdf,FALSE,TRUE,TRUE,NA,green,Fabrication of Tongue Extracellular Matrix and Reconstitution of Tongue Squamous Cell Carcinoma <em>In Vitro</em>,https://doi.org/10.3791/57235
2,10.18510/hssr.2018.627,crossref,open (via free pdf),https://giapjournals.com/index.php/hssr/article/download/hssr.2018.627/580,FALSE,TRUE,TRUE,NA,bronze,EXAMINING TURNOVER ISSUE IN THE CONSTRUCTION COMPANIES OF OMAN: EMPLOYEES’ PERSPECTIVE,https://doi.org/10.18510/hssr.2018.627
2,10.3389/fpsyg.2018.00931,crossref,open (via page says license),https://www.frontiersin.org/articles/10.3389/fpsyg.2018.00931/pdf,TRUE,TRUE,FALSE,cc-by,gold,Spontaneous Cognition and Epistemic Agency in the Cognitive Niche,https://doi.org/10.3389/fpsyg.2018.00931
2,10.1063/1.5041129,crossref,open (via free pdf),https://aip.scitation.org/doi/pdf/10.1063/1.5041129,FALSE,TRUE,TRUE,NA,bronze,Plant landscape design simulating natural community by using AHP method based on TWINSPAN classification,https://doi.org/10.1063/1.5041129
2,10.1016/j.jaa.2018.05.001,crossref,oa repository (via OAI-PMH doi match),http://centaur.reading.ac.uk/77826/1/Watling%20et%20al.%202018%20JAA.pdf,FALSE,TRUE,TRUE,NA,green,"Historical ecology, human niche construction and landscape in pre-Columbian Amazonia: A case study of the geoglyph builders of Acre, Brazil",https://doi.org/10.1016/j.jaa.2018.05.001
2,10.1007/s10816-017-9346-y,crossref,NA,NA,FALSE,FALSE,TRUE,NA,closed,Cultural Niche Construction and Remote Sensing of Ancient Anthropogenic Environmental Change in the North Coast of Peru,https://doi.org/10.1007/s10816-017-9346-y
2,10.1016/j.jaa.2018.03.002,crossref,NA,NA,FALSE,FALSE,TRUE,NA,closed,"New tools, new human niches: The significance of the Dalton adze and the origin of heavy-duty woodworking in the Middle Mississippi Valley of North America",https://doi.org/10.1016/j.jaa.2018.03.002
2,10.1007/s11245-016-9419-7,crossref,NA,NA,FALSE,FALSE,TRUE,NA,closed,An Updated Evolutionary Research Programme for the Evolution of Language,https://doi.org/10.1007/s11245-016-9419-7
2,10.1007/s11692-017-9438-3,crossref,oa repository (via OAI-PMH title and first author match),https://philpapers.org/archive/FBRHTO.pdf,FALSE,TRUE,TRUE,NA,green,"Hierarchy Theory of Evolution and the Extended Evolutionary Synthesis: Some Epistemic Bridges, Some Conceptual Rifts",https://doi.org/10.1007/s11692-017-9438-3
2,10.1002/ece3.4070,crossref,oa journal (via doaj),https://doi.org/10.1002/ece3.4070,TRUE,TRUE,FALSE,cc-by,gold,Gene(s) and individual feeding behavior: Exploring eco-evolutionary dynamics underlying left-right asymmetry in the scale-eating cichlid fish Perissodus microlepis ,https://doi.org/10.1002/ece3.4070
2,10.1016/j.trac.2018.03.016,crossref,NA,NA,FALSE,FALSE,TRUE,NA,closed,(Bio)Analytical chemistry enabled by 3D printing: Sensors and biosensors,https://doi.org/10.1016/j.trac.2018.03.016
2,10.1515/cog-2016-0025,crossref,oa repository (via OAI-PMH doi match),https://www.research.manchester.ac.uk/portal/files/70129362/the_changing_functions_of_competing_forms_final.pdf,FALSE,TRUE,TRUE,NA,green,The changing functions of competing forms: Attraction and differentiation,https://doi.org/10.1515/cog-2016-0025
2,10.1016/j.fluid.2018.02.013,crossref,NA,NA,FALSE,FALSE,TRUE,NA,closed,The application of high-dimensional sparse grids in flash calculations: From theory to realisation,https://doi.org/10.1016/j.fluid.2018.02.013
2,10.3389/fmicb.2018.01025,crossref,open (via page says license),https://www.frontiersin.org/articles/10.3389/fmicb.2018.01025/pdf,TRUE,TRUE,FALSE,cc-by,gold,The F1Fo-ATP Synthase β Subunit Is Required for Candida albicans Pathogenicity Due to Its Role in Carbon Flexibility,https://doi.org/10.3389/fmicb.2018.01025
2,10.3390/f9050255,crossref,open (via page says license),https://www.mdpi.com/1999-4907/9/5/255/pdf,TRUE,TRUE,FALSE,cc-by,gold,"Perceptions on the Importance of Forest Sector Innovations: Biofuels, Biomaterials, or Niche Products?",https://doi.org/10.3390/f9050255
2,10.1371/journal.pone.0198163,crossref,open (via page says license),https://journals.plos.org/plosone/article/file?id=10.1371/journal.pone.0198163&type=printable,TRUE,TRUE,FALSE,cc-by,gold,Competition and niche construction in a model of cancer metastasis,https://doi.org/10.1371/journal.pone.0198163
2,10.1016/j.pbiomolbio.2017.11.005,crossref,NA,NA,FALSE,FALSE,TRUE,NA,closed,Biological information systems: Evolution as cognition-based information management,https://doi.org/10.1016/j.pbiomolbio.2017.11.005
2,10.3390/min8050199,crossref,open (via page says license),https://www.mdpi.com/2075-163X/8/5/199/pdf,TRUE,TRUE,FALSE,cc-by,gold,Acid Rock Drainage or Not—Oxidative vs. Reductive Biofilms—A Microbial Question,https://doi.org/10.3390/min8050199
2,10.1016/j.envsci.2018.02.004,crossref,NA,NA,FALSE,FALSE,TRUE,NA,closed,A diagnostic framework of strategic agency: Operationalising complex interrelationships of agency and institutions in the urban infrastructure sector,https://doi.org/10.1016/j.envsci.2018.02.004
2,10.1016/j.geomorph.2018.02.005,crossref,NA,NA,FALSE,FALSE,TRUE,NA,closed,Channel heads in mountain catchments subject to human impact – The Skrzyczne range in Southern Poland,https://doi.org/10.1016/j.geomorph.2018.02.005
2,10.1016/j.desal.2017.09.003,crossref,oa repository (via OAI-PMH doi match),http://dro.dur.ac.uk/23263/1/23263.pdf,FALSE,TRUE,TRUE,cc-by-nc-nd,green,Analysis of the influence of module construction upon forward osmosis performance,https://doi.org/10.1016/j.desal.2017.09.003
2,10.3119/17-11,crossref,NA,NA,FALSE,FALSE,TRUE,NA,closed,The Rare Southern Twayblade (Neottia bifolia): Sentinel of Ecosystem Integrity For Sphagnous Swamps,https://doi.org/10.3119/17-11
2,10.1007/s11229-018-1756-1,crossref,open (via page says license),https://link.springer.com/content/pdf/10.1007%2Fs11229-018-1756-1.pdf,TRUE,TRUE,TRUE,cc-by,hybrid,Enactment and construction of the cognitive niche: toward an ontology of the mind-world connection,https://doi.org/10.1007/s11229-018-1756-1
2,10.1016/j.geomorph.2017.09.016,crossref,NA,NA,FALSE,FALSE,TRUE,NA,closed,Niche construction within riparian corridors. Part II: The unexplored role of positive intraspecific interactions in Salicaceae species,https://doi.org/10.1016/j.geomorph.2017.09.016
2,10.1016/j.geomorph.2017.08.048,crossref,NA,NA,FALSE,FALSE,TRUE,NA,closed,"Niche construction within riparian corridors. Part I: Exploring biogeomorphic feedback windows of three pioneer riparian species (Allier River, France)",https://doi.org/10.1016/j.geomorph.2017.08.048
2,10.1093/beheco/arx180,crossref,open (via free pdf),https://academic.oup.com/beheco/article-pdf/29/2/289/24353677/arx180.pdf,FALSE,TRUE,TRUE,NA,bronze,Pervasive indirect genetic effects on behavioral development in polymorphic eastern mosquitofish,https://doi.org/10.1093/beheco/arx180
2,10.1007/s11245-018-9546-4,crossref,NA,NA,FALSE,FALSE,TRUE,NA,closed,Precise Worlds for Certain Minds: An Ecological Perspective on the Relational Self in Autism,https://doi.org/10.1007/s11245-018-9546-4
2,10.1051/e3sconf/20183302048,crossref,open (via page says license),https://www.e3s-conferences.org/articles/e3sconf/pdf/2018/08/e3sconf_hrc2018_02048.pdf,TRUE,TRUE,FALSE,cc-by,gold,Comparison of Thermal Stability of Dry High-strength Concrete and Wet High-strength Concrete,https://doi.org/10.1051/e3sconf/20183302048
2,10.1088/1748-9326/aa9ead,crossref,open (via page says license),https://iopscience.iop.org/article/10.1088/1748-9326/aa9ead/pdf,TRUE,TRUE,FALSE,cc-by,gold,Biological and geophysical feedbacks with fire in the Earth System,https://doi.org/10.1088/1748-9326/aa9ead
2,10.1111/jtsb.12157,crossref,NA,NA,FALSE,FALSE,TRUE,NA,closed,The evolution of Homo Discens : natural selection and human learning,https://doi.org/10.1111/jtsb.12157
2,10.1128/mbio.00319-18,crossref,open (via page says license),https://mbio.asm.org/content/mbio/9/2/e00319-18.full.pdf,TRUE,TRUE,FALSE,cc-by,gold,Allometry and Ecology of the Bilaterian Gut Microbiome,https://doi.org/10.1128/mbio.00319-18
2,10.1038/s41396-017-0006-8,crossref,open (via free pdf),https://www.nature.com/articles/s41396-017-0006-8.pdf,FALSE,TRUE,TRUE,NA,bronze,The fungus that came in from the cold: dry rot’s pre-adapted ability to invade buildings,https://doi.org/10.1038/s41396-017-0006-8
2,10.1007/s11692-017-9431-x,crossref,open (via page says license),https://link.springer.com/content/pdf/10.1007%2Fs11692-017-9431-x.pdf,TRUE,TRUE,TRUE,cc-by,hybrid,On Reciprocal Causation in the Evolutionary Process,https://doi.org/10.1007/s11692-017-9431-x
2,10.1016/j.ppees.2017.06.005,crossref,oa repository (via OAI-PMH doi match),https://munin.uit.no/bitstream/10037/12423/2/article.pdf,FALSE,TRUE,TRUE,NA,green,Gatekeepers to the effects of climate warming? Niche construction restricts plant community changes along a temperature gradient,https://doi.org/10.1016/j.ppees.2017.06.005
2,10.1007/s11442-018-1464-2,crossref,NA,NA,FALSE,FALSE,TRUE,NA,closed,Spatial restructuring and land consolidation of urban-rural settlement in mountainous areas based on ecological niche perspective,https://doi.org/10.1007/s11442-018-1464-2
2,10.1007/s00040-017-0589-0,crossref,oa repository (via OAI-PMH doi match),http://eprints.iisc.ac.in/58938/1/Ins_Soc_65_77-84_2018.pdf,FALSE,TRUE,TRUE,NA,green,Evidence from Mid-Infrared Spectroscopy (MIRS) that the biochemical fingerprints of Odontotermes obesus colonies change according to their geographical location and age,https://doi.org/10.1007/s00040-017-0589-0
2,10.1016/j.jclepro.2017.05.111,crossref,NA,NA,FALSE,FALSE,TRUE,NA,closed,Wind characterization in Taranto city as a basis for innovative sustainable urban development,https://doi.org/10.1016/j.jclepro.2017.05.111
2,10.3390/su10010229,crossref,open (via page says license),https://www.mdpi.com/2071-1050/10/1/229/pdf,TRUE,TRUE,FALSE,cc-by,gold,From Waste Management to Component Management in the Construction Industry,https://doi.org/10.3390/su10010229
2,10.3389/fpsyg.2017.02294,crossref,open (via page says license),https://www.frontiersin.org/articles/10.3389/fpsyg.2017.02294/pdf,TRUE,TRUE,FALSE,cc-by,gold,Affordances and Landscapes: Overcoming the Nature–Culture Dichotomy through Niche Construction Theory,https://doi.org/10.3389/fpsyg.2017.02294
2,10.1146/annurev-marine-121916-063249,crossref,NA,NA,FALSE,FALSE,TRUE,NA,closed,Remote Sensing Tropical Coral Reefs: The View from Above,https://doi.org/10.1146/annurev-marine-121916-063249
2,10.1080/17508487.2016.1167756,crossref,NA,NA,FALSE,FALSE,TRUE,NA,closed,Neoliberal contradictions in two private niches of educational ‘choice’,https://doi.org/10.1080/17508487.2016.1167756
2,10.1098/rsif.2017.0685,crossref,open (via page says license),https://royalsocietypublishing.org/doi/pdf/10.1098/rsif.2017.0685,TRUE,TRUE,TRUE,cc-by,hybrid,A variational approach to niche construction,https://doi.org/10.1098/rsif.2017.0685
2,10.1007/82_2018_83,crossref,NA,NA,FALSE,FALSE,TRUE,NA,closed,Niche Construction and Exploitation by Agrobacterium: How to Survive and Face Competition in Soil and Plant Habitats,https://doi.org/10.1007/82_2018_83
2,10.15451/ec2018-04-7.7-1-6,crossref,open (via free pdf),http://ethnobioconservation.com/index.php/ebc/article/download/120/192,FALSE,TRUE,TRUE,NA,bronze,Theories of Niche Construction and Optimal Foraging: weaknesses and virtues in understanding the early stages of domestication,https://doi.org/10.15451/ec2018-04-7.7-1-6
2,10.1002/evan.21555,crossref,open (via page says license),https://onlinelibrary.wiley.com/doi/pdfdirect/10.1002/evan.21555,FALSE,TRUE,TRUE,cc-by-nc-nd,hybrid,The role of play objects and object play in human cognitive evolution and innovation,https://doi.org/10.1002/evan.21555
2,10.1007/978-3-319-70063-2_40,crossref,NA,NA,FALSE,FALSE,TRUE,NA,closed,The cell niches reproducing surface structure,https://doi.org/10.1007/978-3-319-70063-2_40
2,10.1111/nph.14860,crossref,open (via free article),https://nph.onlinelibrary.wiley.com/doi/pdfdirect/10.1111/nph.14860,FALSE,TRUE,TRUE,NA,bronze,The Sphagnome Project: enabling ecological and evolutionary insights through a genus-level sequencing project,https://doi.org/10.1111/nph.14860
2,10.31341/jios.42.1.5,crossref,open (via page says license),https://jios.foi.hr/index.php/jios/article/view/1081/795,FALSE,TRUE,FALSE,cc-by-nc-nd,gold,The Use of Support Vector Machines When Designing a User-Defined Niche Search Engine,https://doi.org/10.31341/jios.42.1.5
2,10.1016/j.pecon.2017.08.006,crossref,open (via page says license),https://doi.org/10.1016/j.pecon.2017.08.006,FALSE,TRUE,FALSE,cc-by-nc-nd,gold,Humans as niche constructors: Revisiting the concept of chronic anthropogenic disturbances in ecology,https://doi.org/10.1016/j.pecon.2017.08.006
2,10.1075/fol.15046.pol,crossref,NA,NA,FALSE,FALSE,TRUE,NA,closed,Adapting to survive,https://doi.org/10.1075/fol.15046.pol
2,10.1075/is.17025.sin,crossref,NA,NA,FALSE,FALSE,TRUE,NA,closed,"Praxis, symbol and language",https://doi.org/10.1075/is.17025.sin
2,10.4018/ijt.2018010104,crossref,NA,NA,FALSE,FALSE,TRUE,NA,closed,The Diffusion of Ignorance in On-Line Communities,https://doi.org/10.4018/ijt.2018010104
2,10.3233/jifs-169370,crossref,NA,NA,FALSE,FALSE,TRUE,NA,closed,"AWNG-BP prediction technique study based on nonlinear combination – A case study of prediction of food supply chain in rural areas of Hubei Province, China",https://doi.org/10.3233/jifs-169370
2,10.3906/zoo-1803-26,crossref,open (via free pdf),https://doi.org/10.3906/zoo-1803-26,FALSE,TRUE,TRUE,NA,bronze,"Modeling the potential geographic distribution of the poorly known Neotropical lizard Anotosaura vanzolinia Dixon, 1974 (Squamata, Gymnophthalmidae) in Northeast Brazil",https://doi.org/10.3906/zoo-1803-26
2,10.1017/9781316676974.010,crossref,NA,NA,FALSE,FALSE,TRUE,NA,closed,Genetic Biases in Language: Computer Models and Experimental Approaches,https://doi.org/10.1017/9781316676974.010
2,10.1002/bies.201600265,crossref,NA,NA,FALSE,FALSE,TRUE,NA,closed,Unmodern Synthesis: Developmental Hierarchies and the Origin of Phenotypes,https://doi.org/10.1002/bies.201600265
2,10.1071/am17022,crossref,NA,NA,FALSE,FALSE,TRUE,NA,closed,Mammal conservation and invasive species control in Australia: harnessing a potential extinction machine,https://doi.org/10.1071/am17022
2,10.1007/978-3-319-96661-8_11,crossref,NA,NA,FALSE,FALSE,TRUE,NA,closed,Evolutionary Development and the VCRIS Model of Natural Selection,https://doi.org/10.1007/978-3-319-96661-8_11
2,10.1007/s11625-017-0513-6,crossref,oa repository (via OAI-PMH title and first author match),http://discovery.ucl.ac.uk/10038713/1/Sustainability%20science-%20modelling%20socio%20ecological%20anthropocene%20Ellis%20et%20al%202017.pdf,TRUE,TRUE,TRUE,cc-by,green,Evolving the Anthropocene: linking multi-level selection with long-term social–ecological change,https://doi.org/10.1007/s11625-017-0513-6
2,10.1007/s12053-017-9547-y,crossref,open (via page says license),https://link.springer.com/content/pdf/10.1007%2Fs12053-017-9547-y.pdf,TRUE,TRUE,TRUE,cc-by,hybrid,"Innovation, low energy buildings and intermediaries in Europe: systematic case study review",https://doi.org/10.1007/s12053-017-9547-y
2,10.1016/j.quaint.2018.04.016,crossref,oa repository (via OAI-PMH doi match),https://research-repository.st-andrews.ac.uk/bitstream/10023/17488/1/Hambrecht_2013_QI_DONOP_AAM.pdf,FALSE,TRUE,TRUE,NA,green,Archaeological sites as Distributed Long-term Observing Networks of the Past (DONOP),https://doi.org/10.1016/j.quaint.2018.04.016
2,10.5593/sgem2018/3.1/s12.027,crossref,NA,NA,FALSE,FALSE,TRUE,NA,closed,DISTRIBUTION OF ENDEMIC CRUSTACEANS FROM THE LAKE BAIKAL TO THE YENISEI RIVER,https://doi.org/10.5593/sgem2018/3.1/s12.027
2,10.1007/978-1-4939-8697-2_10,crossref,NA,NA,FALSE,FALSE,TRUE,NA,closed,Quantitative Analysis of Intestinal Stem Cell Dynamics Using Microfabricated Cell Culture Arrays,https://doi.org/10.1007/978-1-4939-8697-2_10
2,10.21664/2238-8869.2018v7i3,crossref,oa journal (via doaj),https://doi.org/10.21664/2238-8869.2018v7i3,FALSE,TRUE,FALSE,cc-by-nc,gold,NA,https://doi.org/10.21664/2238-8869.2018v7i3
2,10.1201/9781351069694,crossref,NA,NA,FALSE,FALSE,TRUE,NA,closed,Animal Models in Medical Mycology,https://doi.org/10.1201/9781351069694
2,10.4067/s0719-26812018000200087,crossref,open (via page says license),https://scielo.conicyt.cl/pdf/rda/n56/0719-2681-rda-56-00087.pdf,FALSE,TRUE,FALSE,cc-by-nc,gold,"ARRIBA DEL CERRO O SOBRE EL HUMEDAL: PRODUCCIÓN DE NATURALEZA Y EXPANSIÓN INMOBILIARIA EN CIUDADES MARINAS Y FLUVIALES. EL CASO DE VALPARAÍSO Y VALDIVIA, CHILE",https://doi.org/10.4067/s0719-26812018000200087
2,10.1016/j.jip.2017.12.002,crossref,NA,NA,FALSE,FALSE,TRUE,NA,closed,"Comparative transcriptome and gene co-expression network analysis reveal genes and signaling pathways adaptively responsive to varied adverse stresses in the insect fungal pathogen, Beauveria bassiana",https://doi.org/10.1016/j.jip.2017.12.002
2,10.24852/pa2018.2.24.150.167,crossref,open (via page says license),http://archaeologie.pro/download/24/11.pdf,FALSE,TRUE,FALSE,cc-by-sa,gold,Carved Stones of Chufut-Kale Ancient Fortified Settlement,https://doi.org/10.24852/pa2018.2.24.150.167
2,10.17323/727-0634-2018-16-4-611-626,crossref,NA,NA,FALSE,FALSE,TRUE,NA,closed,"Формы взаимодействия низкоквалифицированных трудовых мигрантов и работодателей в принимающих обществах (на примере Греции, России и Франции)",https://doi.org/10.17323/727-0634-2018-16-4-611-626
2,10.21122/1029-7448-2018-61-2-141-158,crossref,open (via page says license),https://energy.bntu.by/jour/article/download/1195/1161,TRUE,TRUE,FALSE,cc-by,gold,SOME SPECIFIC FEATURES OF ENERGY CONSUMPTION IN MODERN RESIDENTIAL BUILDINGS,https://doi.org/10.21122/1029-7448-2018-61-2-141-158
2,10.22616/j.landarchart.2018.12.07,crossref,open (via free pdf),https://doi.org/10.22616/j.landarchart.2018.12.07,FALSE,TRUE,FALSE,NA,gold,Impact of Catholic Monastery Church Building on Cistercian Monastery Formation in Livonia and the State of the Teutonic Order during 13th and 14th Century,https://doi.org/10.22616/j.landarchart.2018.12.07
2,10.1108/rjta-02-2018-0015,crossref,NA,NA,FALSE,FALSE,TRUE,NA,closed,Heritage narratives in the digital era,https://doi.org/10.1108/rjta-02-2018-0015
2,10.1108/rjta-03-2018-0023,crossref,oa repository (via OAI-PMH title and first author match),http://ualresearchonline.arts.ac.uk/13190/1/researchjournaloftextileandapparel.pdf,FALSE,TRUE,TRUE,NA,green,Fashion 4.0. Innovating fashion industry through digital transformation,https://doi.org/10.1108/rjta-03-2018-0023
2,10.24193/mjcst.2018.6.01,crossref,open (via free pdf),https://www.metacriticjournal.com/getfile/00000172/1.-MJCST_4.2_final_Steven-Smith.pdf,FALSE,TRUE,FALSE,NA,gold,Braided Environments. A Call to Explore Rhetoric and Materiality through Augmentative Technologies,https://doi.org/10.24193/mjcst.2018.6.01
2,10.24193/mjcst.2018.6.04,crossref,open (via free pdf),https://www.metacriticjournal.com/getfile/00000175/4. MJCST_4.2_final_Mihnea_Balici.pdf,FALSE,TRUE,FALSE,NA,gold,The Emergence of Quantitative Studies. Actual Functionalities and the Romanian Case,https://doi.org/10.24193/mjcst.2018.6.04
2,10.1386/tear.16.3.377_1,crossref,NA,NA,FALSE,FALSE,TRUE,NA,closed,The anthropocosmic vision of mixed reality: Taking HCI artwork Flow of Qi (2007) as a case study,https://doi.org/10.1386/tear.16.3.377_1
2,10.16893/ijbtc.2018.12.28.2.87,crossref,NA,NA,FALSE,FALSE,TRUE,NA,closed,Remarks on the 3DCG Visualization of Lost Buddhist Temples,https://doi.org/10.16893/ijbtc.2018.12.28.2.87
2,10.17159/2224-7912/2018/v58n4-2a7,crossref,open (via page says license),http://www.scielo.org.za/pdf/tvg/v58n4-2/07.pdf,TRUE,TRUE,FALSE,cc-by,gold,"The aesthetic disposition as psychotherapeutic quality in a mainly apathetic, digitalised environment",https://doi.org/10.17159/2224-7912/2018/v58n4-2a7
2,10.1525/jpms.2018.300411,crossref,NA,NA,FALSE,FALSE,TRUE,NA,closed,Quantitative Sentiment Analysis of Lyrics in Popular Music,https://doi.org/10.1525/jpms.2018.300411
2,10.1145/3230670,crossref,oa repository (via OAI-PMH title and first author match),http://publications.idiap.ch/downloads/papers/2018/Can_ACMJOCCH_2018.pdf,FALSE,TRUE,TRUE,NA,green,How to Tell Ancient Signs Apart? Recognizing and Visualizing Maya Glyphs with CNNs,https://doi.org/10.1145/3230670
2,10.1002/bewi.201801941,crossref,open (via free article),https://onlinelibrary.wiley.com/doi/pdfdirect/10.1002/bewi.201801941,FALSE,TRUE,TRUE,NA,bronze,Und am Ende kümmerten sie sich um das Wissenschaftsmuseum…,https://doi.org/10.1002/bewi.201801941
2,10.1093/llc/fqy008,crossref,NA,NA,FALSE,FALSE,TRUE,NA,closed,"Digital Humanities in Poland from the Perspective of the Historical Linguist of the Polish Language: Achievements, Needs, Demands",https://doi.org/10.1093/llc/fqy008
2,10.1007/s40647-018-0230-2,crossref,NA,NA,FALSE,FALSE,TRUE,NA,closed,Too Much Information and the KWIC,https://doi.org/10.1007/s40647-018-0230-2
2,10.1109/tip.2018.2865674,crossref,oa repository (via OAI-PMH title and first author match),http://arxiv.org/pdf/1801.06510,FALSE,TRUE,TRUE,NA,green,Image Provenance Analysis at Scale,https://doi.org/10.1109/tip.2018.2865674
2,10.1515/libri-2018-0033,crossref,NA,NA,FALSE,FALSE,TRUE,NA,closed,Knowledge and Skills Competencies for Humanities Librarians Supporting Postgraduate Students,https://doi.org/10.1515/libri-2018-0033
2,10.1007/s40647-018-0222-2,crossref,open (via page says license),https://link.springer.com/content/pdf/10.1007%2Fs40647-018-0222-2.pdf,TRUE,TRUE,TRUE,cc-by,hybrid,"Transacting Memory in the Digital Age: Modernity, Fluidity and Immateriality",https://doi.org/10.1007/s40647-018-0222-2
2,10.1215/23290048-7257028,crossref,NA,NA,FALSE,FALSE,TRUE,NA,closed,Geographic Distribution and Change in Tang Poetry: Data Analysis from the “Chronological Map of Tang-Song Literature”,https://doi.org/10.1215/23290048-7257028
2,10.1215/23290048-7257054,crossref,NA,NA,FALSE,FALSE,TRUE,NA,closed,New Frontiers of Electronic Textual Research in the Humanities: Investigating Classical Allusions in Chinese Poetry through Digital Methods,https://doi.org/10.1215/23290048-7257054
2,10.1055/s-0038-1675822,crossref,NA,NA,FALSE,FALSE,TRUE,NA,closed,Self-Anamnesis with a Conversational User Interface: Concept and Usability Study,https://doi.org/10.1055/s-0038-1675822
2,10.1163/15700739-07004003,crossref,NA,NA,FALSE,FALSE,TRUE,NA,closed,Die Digitalisierung und „das Digitale“,https://doi.org/10.1163/15700739-07004003
2,10.1163/15700739-07004009,crossref,NA,NA,FALSE,FALSE,TRUE,NA,closed,"Fotis Jannidis/Hubertus Kohle/Malte Rehbein (Hg.): Digital Humanities. Eine Einführung, Stuttgart: J. B. Metzler Verlag 2017, 370 S.",https://doi.org/10.1163/15700739-07004009
2,10.1109/mcg.2018.2874556,crossref,oa repository (semantic scholar lookup),http://pdfs.semanticscholar.org/c376/8acfb1a56cd5a8078bdcb747c3741ac69b51.pdf,FALSE,TRUE,TRUE,NA,green,Special Issue: Visualization Connections,https://doi.org/10.1109/mcg.2018.2874556
2,10.1109/mcg.2018.2878900,crossref,NA,NA,FALSE,FALSE,TRUE,NA,closed,Visualization and the Digital Humanities:,https://doi.org/10.1109/mcg.2018.2878900
2,10.7238/a.v0i22.3263,crossref,open (via free pdf),https://doi.org/10.7238/a.v0i22.3263,FALSE,TRUE,FALSE,NA,gold,Cinco ejes para pensar las humanidades digitales como proyecto de un nuevo humanismo digital,https://doi.org/10.7238/a.v0i22.3263
2,10.7238/a.v0i22.3218,crossref,open (via free pdf),https://doi.org/10.7238/a.v0i22.3218,FALSE,TRUE,FALSE,NA,gold,La transformación del proceso de investigación en historia de la arquitectura con el uso de las tecnologías digitales,https://doi.org/10.7238/a.v0i22.3218
2,10.7238/a.v0i22.3233,crossref,open (via free pdf),https://doi.org/10.7238/a.v0i22.3233,FALSE,TRUE,FALSE,NA,gold,Heterocronicidad. Cronos a debate,https://doi.org/10.7238/a.v0i22.3233
2,10.7238/a.v0i22.3240,crossref,open (via free pdf),https://doi.org/10.7238/a.v0i22.3240,FALSE,TRUE,FALSE,NA,gold,"El análisis del campo del arte desde las humanidades digitales, una propuesta teórico-metodológica (1970-2017)",https://doi.org/10.7238/a.v0i22.3240
2,10.1515/bfp-2018-0061,crossref,oa repository (via OAI-PMH doi match),https://pub.uni-bielefeld.de/download/2932509/2932510/bfp-2018-0061_v1%20Kopie.pdf,TRUE,TRUE,TRUE,cc-by,green,Are Academic Libraries Changing Fast Enough?,https://doi.org/10.1515/bfp-2018-0061
2,10.1515/bfp-2018-0056,crossref,open (via free pdf),http://www.degruyter.com/downloadpdf/j/bfup.2018.42.issue-3/bfp-2018-0056/bfp-2018-0056.xml,TRUE,TRUE,TRUE,cc-by,hybrid,HIRMEOS,https://doi.org/10.1515/bfp-2018-0056
2,10.1037/hop0000067,crossref,oa repository (via OAI-PMH title and first author match),http://psyarxiv.com/5pcvu//download,FALSE,TRUE,TRUE,NA,green,Framing Psychology as a Discipline (1950–1999): A Large-Scale Term Co-Occurrence Analysis of Scientific Literature in Psychology.,https://doi.org/10.1037/hop0000067
2,10.1037/hop0000108,crossref,NA,NA,FALSE,FALSE,TRUE,NA,closed,A perspective from the history of scientific journals.,https://doi.org/10.1037/hop0000108
2,10.1016/j.acalib.2018.09.020,crossref,NA,NA,FALSE,FALSE,TRUE,NA,closed,The “Collage Effect” – Against Filter Bubbles: Interdisciplinary Approaches to Combating the Pitfalls of Information Technology,https://doi.org/10.1016/j.acalib.2018.09.020
2,10.1016/j.culher.2018.04.014,crossref,NA,NA,FALSE,FALSE,TRUE,NA,closed,Construction and comparison of 3D multi-source multi-band models for cultural heritage applications,https://doi.org/10.1016/j.culher.2018.04.014
2,10.3390/ijgi7110452,crossref,open (via page says license),https://www.mdpi.com/2220-9964/7/11/452/pdf,TRUE,TRUE,FALSE,cc-by,gold,"Place versus Space: From Points, Lines and Polygons in GIS to Place-Based Representations Reflecting Language and Culture",https://doi.org/10.3390/ijgi7110452
2,10.1111/lic3.12496,crossref,NA,NA,FALSE,FALSE,TRUE,NA,closed,What ish my network? Introducing MACMORRIS: Digitising cultural activity and collaborative networks in early modern Ireland,https://doi.org/10.1111/lic3.12496
2,10.7238/a.v0i22.3219,crossref,open (via free pdf),https://doi.org/10.7238/a.v0i22.3219,FALSE,TRUE,FALSE,NA,gold,Towards the post-Digital in the Humanities? NACMM and Platform HARAKAT as case studies,https://doi.org/10.7238/a.v0i22.3219
2,10.7238/a.v0i22.3238,crossref,open (via free pdf),https://doi.org/10.7238/a.v0i22.3238,FALSE,TRUE,FALSE,NA,gold,La multidisciplinariedad en la creación de corpus históricos: El caso de Post Scriptum,https://doi.org/10.7238/a.v0i22.3238
2,10.1111/ssqu.12531,crossref,NA,NA,FALSE,FALSE,TRUE,NA,closed,Emerging Research Communities of Practice Versus the Popular Vision of Interdisciplinarity? Insights from Digital Research in the United Kingdom*,https://doi.org/10.1111/ssqu.12531
2,10.1515/arcadia-2018-0028,crossref,NA,NA,FALSE,FALSE,TRUE,NA,closed,On Writing a Comparative Literary History: Delocalizing Minor Literatures in European Languages in the Age of ‘Big Data’,https://doi.org/10.1515/arcadia-2018-0028
2,10.1037/hop0000112,crossref,NA,NA,FALSE,FALSE,TRUE,NA,closed,"Digital methods can help you . . . If you’re careful, critical, and not historiographically naïve.",https://doi.org/10.1037/hop0000112
2,10.1037/hop0000107,crossref,NA,NA,FALSE,FALSE,TRUE,NA,closed,Digital humanism.,https://doi.org/10.1037/hop0000107
2,10.1037/hop0000093,crossref,NA,NA,FALSE,FALSE,TRUE,NA,closed,Digital history of psychology takes flight.,https://doi.org/10.1037/hop0000093
2,10.1037/hop0000113,crossref,NA,NA,FALSE,FALSE,TRUE,NA,closed,Digital humanities as the historian’s Trojan horse: Response to commentary in the special section on digital history.,https://doi.org/10.1037/hop0000113
2,10.1007/s00799-018-0242-1,crossref,NA,NA,FALSE,FALSE,TRUE,NA,closed,Neural ParsCit: a deep learning-based reference string parser,https://doi.org/10.1007/s00799-018-0242-1
2,10.1177/0040571x18794139,crossref,oa repository (via OAI-PMH doi match),http://dro.dur.ac.uk/25397/1/25397.pdf,FALSE,TRUE,TRUE,NA,green,The pixelated text: Reading the Bible within digital culture,https://doi.org/10.1177/0040571x18794139
2,10.1177/2158244018807572,crossref,open (via page says license),https://journals.sagepub.com/doi/pdf/10.1177/2158244018807572,TRUE,TRUE,FALSE,cc-by,gold,"Hubbard Bubble, Dianetics Trouble: An Evaluation of the Representations of Dianetics and Scientology in Science Fiction Magazines From 1949 to 1999",https://doi.org/10.1177/2158244018807572
2,10.1080/1472586x.2019.1589387,crossref,NA,NA,FALSE,FALSE,TRUE,NA,closed,Visual power: review of image-based methodologies and subsequent development/uses of the Fotofeedback Method™,https://doi.org/10.1080/1472586x.2019.1589387
2,10.22201/iibi.24488321xe.2018.77.58005,crossref,open (via page says license),http://rev-ib.unam.mx/ib/index.php/ib/article/download/58005/51946,FALSE,TRUE,FALSE,cc-by-nc-nd,gold,Gestor de contenidos de código abierto para archivos digitales sonoros que preservan materiales de investigación,https://doi.org/10.22201/iibi.24488321xe.2018.77.58005
2,10.5944/openpraxis.10.4.905,crossref,open (via page says license),https://openpraxis.org/index.php/OpenPraxis/article/download/905/499,TRUE,TRUE,FALSE,cc-by,gold,Scoping the nascent: An analysis of K-12 OER research 2012-2017,https://doi.org/10.5944/openpraxis.10.4.905
2,10.1017/s0010417518000373,crossref,NA,NA,FALSE,FALSE,TRUE,NA,closed,"Integration and Identities: The Effects of Time, Migrant Networks, and Political Crises on Germans in the United States",https://doi.org/10.1017/s0010417518000373
2,10.1111/hic3.12492,crossref,NA,NA,FALSE,FALSE,TRUE,NA,closed,"Digital humanities, digital methods, digital history, and digital outputs: History writing and the digital revolution",https://doi.org/10.1111/hic3.12492
2,10.3366/ijhac.2018.0220,crossref,oa repository (via OAI-PMH doi match),https://eprints.lancs.ac.uk/id/eprint/89167/1/IJHAC_REVISEDTaylorGregoryDonaldson_Sound.pdf,FALSE,TRUE,TRUE,NA,green,Combining Close and Distant Reading: A Multiscalar Analysis of the English Lake District's Historical Soundscape,https://doi.org/10.3366/ijhac.2018.0220
2,10.3366/ijhac.2018.0222,crossref,oa repository (via OAI-PMH title and first author match),https://pureadmin.qub.ac.uk/ws/files/159681044/IJHAC_Porter_et_al_OA.pdf,FALSE,TRUE,TRUE,NA,green,Space and Time in 100 Million Words: Health and Disease in a Nineteenth-century Newspaper,https://doi.org/10.3366/ijhac.2018.0222
2,10.1632/pmla.2018.133.5.1207,crossref,NA,NA,FALSE,FALSE,TRUE,NA,closed,"Aggregation, Public Criticism, and the History of Reading Big Data",https://doi.org/10.1632/pmla.2018.133.5.1207
2,10.3366/ijhac.2018.0216,crossref,oa repository (via OAI-PMH doi match),https://pureadmin.qub.ac.uk/ws/files/161529342/IJHACGuestEditorIntro_CPorter_12.2_OA.pdf,FALSE,TRUE,TRUE,NA,green,Introduction: The Importance of Place and Openness in Spatial Humanities Research,https://doi.org/10.3366/ijhac.2018.0216
2,10.3366/ijhac.2018.0219,crossref,NA,NA,FALSE,FALSE,TRUE,NA,closed,‘The Empire Strikes Back’ ?: HGIS de las Indias and the Postcolonial Death Star,https://doi.org/10.3366/ijhac.2018.0219
2,10.1177/1354856518772029,crossref,oa repository (via OAI-PMH doi match),https://kclpure.kcl.ac.uk/portal/files/93857881/The_academic_book_and_SPENCE_Accepted14February2018_GREEN_AAM.pdf,FALSE,TRUE,TRUE,NA,green,The academic book and its digital dilemmas,https://doi.org/10.1177/1354856518772029
2,10.1177/1354856518780457,crossref,oa repository (semantic scholar lookup),http://pdfs.semanticscholar.org/743f/7c152f06453bef34be99d79b4a991e06c39c.pdf,FALSE,TRUE,TRUE,NA,green,The equivalence of books,https://doi.org/10.1177/1354856518780457
2,10.1017/apa.2018.27,crossref,oa repository (via OAI-PMH doi match),http://eprints.gla.ac.uk/165209/14/165209.pdf,FALSE,TRUE,TRUE,NA,green,Technological Seduction and Self-Radicalization,https://doi.org/10.1017/apa.2018.27
2,10.1007/s40647-018-0216-0,crossref,open (via page says license),https://link.springer.com/content/pdf/10.1007%2Fs40647-018-0216-0.pdf,TRUE,TRUE,TRUE,cc-by,hybrid,Cultural Diversity and the Digital Humanities,https://doi.org/10.1007/s40647-018-0216-0
2,10.1016/j.gloenvcha.2018.07.011,crossref,open (via crossref license),https://doi.org/10.1016/j.gloenvcha.2018.07.011,TRUE,TRUE,TRUE,cc-by,hybrid,Smart Earth: A meta-review and implications for environmental governance,https://doi.org/10.1016/j.gloenvcha.2018.07.011
2,10.2979/histmemo.30.2.02,crossref,NA,NA,FALSE,FALSE,TRUE,NA,closed,"“Ask the Assyrians, Armenians, Kurds”: Transcultural Memory and Nationalism in Greek Historical Discourse on Turkey",https://doi.org/10.2979/histmemo.30.2.02
2,10.1111/lic3.12487,crossref,NA,NA,FALSE,FALSE,TRUE,NA,closed,Victorian roots and branches: “The statistical century” as foundation to the digital humanities,https://doi.org/10.1111/lic3.12487
2,10.1515/sem-2016-0223,crossref,NA,NA,FALSE,FALSE,TRUE,NA,closed,A report on the reports of the stanford literary lab: a reason why the digital humanities may find it difficult to change literary history,https://doi.org/10.1515/sem-2016-0223
2,10.1353/emw.2018.0059,crossref,NA,NA,FALSE,FALSE,TRUE,NA,closed,Studying Early Modern Women Writers: The Digital Humanities Turn,https://doi.org/10.1353/emw.2018.0059
2,10.1590/2318-08892018000300004,crossref,open (via page says license),http://www.scielo.br/pdf/tinf/v30n3/0103-3786-tinf-30-03-00314.pdf,TRUE,TRUE,FALSE,cc-by,gold,"Patrimônio natural, documentação e pesquisa",https://doi.org/10.1590/2318-08892018000300004
2,10.1353/aq.2018.0027,crossref,NA,NA,FALSE,FALSE,TRUE,NA,closed,From Transformative Works to #transformDH: Digital Humanities as (Critical) Fandom,https://doi.org/10.1353/aq.2018.0027
2,10.1353/aq.2018.0029,crossref,NA,NA,FALSE,FALSE,TRUE,NA,closed,Queer Indie Video Games as an Alternative Digital Humanities: Counterstrategies for Cultural Critique through Interactive Media,https://doi.org/10.1353/aq.2018.0029
2,10.1353/aq.2018.0031,crossref,oa repository (via OAI-PMH title and first author match),https://hcommons.org/deposits/download/hc:21406/CONTENT/hamraie_mapping-access_aq.pdf/,FALSE,TRUE,TRUE,NA,green,"Mapping Access: Digital Humanities, Disability Justice, and Sociospatial Practice",https://doi.org/10.1353/aq.2018.0031
2,10.1353/aq.2018.0045,crossref,NA,NA,FALSE,FALSE,TRUE,NA,closed,Forum Introduction,https://doi.org/10.1353/aq.2018.0045
2,10.1353/aq.2018.0048,crossref,NA,NA,FALSE,FALSE,TRUE,NA,closed,"Run with Whatever You Can Carry"": Cross-Platform Materials and Methods in Performance Studies–Meets–Digital Humanities",https://doi.org/10.1353/aq.2018.0048
2,10.1353/aq.2018.0051,crossref,NA,NA,FALSE,FALSE,TRUE,NA,closed,Knowing Why Revolution Must Come: Digital Humanities as Poetry and Prayer,https://doi.org/10.1353/aq.2018.0051
2,10.1353/aq.2018.0054,crossref,NA,NA,FALSE,FALSE,TRUE,NA,closed,Precarious Labor and the Digital Humanities,https://doi.org/10.1353/aq.2018.0054
2,10.1353/aq.2018.0055,crossref,NA,NA,FALSE,FALSE,TRUE,NA,closed,"The Digital Humanities, American Studies, and the Anti-Eviction Mapping Project",https://doi.org/10.1353/aq.2018.0055
2,10.3390/ijgi7090360,crossref,open (via page says license),https://www.mdpi.com/2220-9964/7/9/360/pdf,TRUE,TRUE,FALSE,cc-by,gold,Share Our Cultural Heritage (SOCH): Worldwide 3D Heritage Reconstruction and Visualization via Web and Mobile GIS,https://doi.org/10.3390/ijgi7090360
2,10.1007/s00608-018-0600-7,crossref,NA,NA,FALSE,FALSE,TRUE,NA,closed,Die Erwachsenen kannst Du vergessen,https://doi.org/10.1007/s00608-018-0600-7
2,10.1002/leap.1185,crossref,NA,NA,FALSE,FALSE,TRUE,NA,closed,The academic eBook ecosystem reinvigorated: A perspective from the USA,https://doi.org/10.1002/leap.1185
2,10.1093/llc/fqx051,crossref,NA,NA,FALSE,FALSE,TRUE,NA,closed,At the crossroads of digital humanities and historical lexicography: The Middle Dutch ‘seemly play (abel spel) of Winter and Summer’ as a research case,https://doi.org/10.1093/llc/fqx051
2,10.1007/s00799-017-0210-1,crossref,NA,NA,FALSE,FALSE,TRUE,NA,closed,The references of references: a method to enrich humanities library catalogs with citation data,https://doi.org/10.1007/s00799-017-0210-1
2,10.1007/s11192-018-2803-x,crossref,NA,NA,FALSE,FALSE,TRUE,NA,closed,LitStoryTeller+: an interactive system for multi-level scientific paper visual storytelling with a supportive text mining toolbox,https://doi.org/10.1007/s11192-018-2803-x
2,10.1007/s40647-018-0224-0,crossref,oa repository (via OAI-PMH doi match),https://oaktrust.library.tamu.edu/bitstream/1969.1/166401/1/china.pdf,FALSE,TRUE,TRUE,cc-by-nc-nd,green,Digital Humanities Within a Global Context: Creating Borderlands of Localized Expression,https://doi.org/10.1007/s40647-018-0224-0
2,10.1016/j.jasrep.2018.05.025,crossref,NA,NA,FALSE,FALSE,TRUE,NA,closed,High-resolution dynamic illustrations in soil micromorphology: A proposal for presenting and sharing primary research data in publication,https://doi.org/10.1016/j.jasrep.2018.05.025
2,10.1016/j.clsr.2018.05.032,crossref,NA,NA,FALSE,FALSE,TRUE,NA,closed,Structuring modern life running on software. Recognizing (some) computer programs as new “ digital persons ”,https://doi.org/10.1016/j.clsr.2018.05.032
2,10.1111/hic3.12461,crossref,NA,NA,FALSE,FALSE,TRUE,NA,closed,Medieval English peasant women and their historians: A historiography with a future?,https://doi.org/10.1111/hic3.12461
2,10.1007/s00146-017-0741-4,crossref,NA,NA,FALSE,FALSE,TRUE,NA,closed,Nothing but a human,https://doi.org/10.1007/s00146-017-0741-4
2,10.1515/bfp-2018-0031,crossref,open (via free pdf),http://www.degruyter.com/downloadpdf/j/bfup.2018.42.issue-2/bfp-2018-0031/bfp-2018-0031.xml,FALSE,TRUE,TRUE,NA,bronze,Lesen und Schreiben im digitalen Dickicht,https://doi.org/10.1515/bfp-2018-0031
2,10.1016/j.lisr.2018.08.003,crossref,NA,NA,FALSE,FALSE,TRUE,NA,closed,"Interdisciplinary scholarly collaboration in data-intensive, public-funded, international digital humanities project work",https://doi.org/10.1016/j.lisr.2018.08.003
2,10.3390/ijgi7070262,crossref,open (via page says license),https://www.mdpi.com/2220-9964/7/7/262/pdf,TRUE,TRUE,FALSE,cc-by,gold,Historical Collaborative Geocoding,https://doi.org/10.3390/ijgi7070262
2,10.1016/j.acalib.2018.02.011,crossref,NA,NA,FALSE,FALSE,TRUE,NA,closed,Editing the Eartha M.M. White Collection: An Experiment in Engaging Students in Archival Research and Editorial Practice,https://doi.org/10.1016/j.acalib.2018.02.011
2,10.3366/rom.2018.0365,crossref,oa repository (via OAI-PMH doi match),http://eprints.worc.ac.uk/7046/1/Introduction%20Final%20%281%29.pdf,FALSE,TRUE,TRUE,NA,green,Introduction: Edgy Romanticism,https://doi.org/10.3366/rom.2018.0365
2,10.1515/bfp-2018-0032,crossref,open (via free pdf),http://www.degruyter.com/downloadpdf/j/bfup.2018.42.issue-2/bfp-2018-0032/bfp-2018-0032.xml,FALSE,TRUE,TRUE,NA,bronze,Digital Humanities in der Musikwissenschaft – Computergestützte Erschließungsstrategien und Analyseansätze für handschriftliche Liedblätter,https://doi.org/10.1515/bfp-2018-0032
2,10.1111/russ.12189,crossref,oa repository (via OAI-PMH title and first author match),https://hcommons.org/deposits/download/hc:21560/CONTENT/rr_soviet_union_on_seine.pdf/,FALSE,TRUE,TRUE,NA,green,"Soviet Union on the Seine: Kontinent, Sintaksis , and the Social Life of Émigré Journals",https://doi.org/10.1111/russ.12189
2,10.21003/ea.v168-07,crossref,open (via free pdf),http://soskin.info/userfiles/file/Economic-Annals-pdf/DOI/ea-V168-07.pdf,FALSE,TRUE,FALSE,NA,gold,Industry 4.0.: socio-economic junctures,https://doi.org/10.21003/ea.v168-07
2,10.3389/fphy.2018.00054,crossref,open (via page says license),https://www.frontiersin.org/articles/10.3389/fphy.2018.00054/pdf,TRUE,TRUE,FALSE,cc-by,gold,Wikipedia Culture Gap: Quantifying Content Imbalances Across 40 Language Editions,https://doi.org/10.3389/fphy.2018.00054
2,10.1093/llc/fqx049,crossref,NA,NA,FALSE,FALSE,TRUE,NA,closed,The rationale of the born-digital dossier génétique: Digital forensics and the writing process: With examples from the Thomas Kling Archive,https://doi.org/10.1093/llc/fqx049
2,10.2979/victorianstudies.60.4.14,crossref,NA,NA,FALSE,FALSE,TRUE,NA,closed,NA,https://doi.org/10.2979/victorianstudies.60.4.14
2,10.3390/su10062001,crossref,open (via page says license),https://www.mdpi.com/2071-1050/10/6/2001/pdf,TRUE,TRUE,FALSE,cc-by,gold,Unintended Side Effects of the Digital Transition: European Scientists’ Messages from a Proposition-Based Expert Round Table,https://doi.org/10.3390/su10062001
2,10.1093/llc/fqx034,crossref,NA,NA,FALSE,FALSE,TRUE,NA,closed,Non-representational approaches to modeling interpretation in a graphical environment,https://doi.org/10.1093/llc/fqx034
2,10.1093/llc/fqx008,crossref,NA,NA,FALSE,FALSE,TRUE,NA,closed,Beyond humanities qua digital: Spatial and material development for digital research infrastructures in HumlabX1,https://doi.org/10.1093/llc/fqx008
2,10.1093/llc/fqx020,crossref,open (via page says license),https://academic.oup.com/dsh/article-pdf/33/2/456/24812007/fqx020.pdf,TRUE,TRUE,TRUE,cc-by,hybrid,"Enabling complex analysis of large-scale digital collections: humanities research, high-performance computing, and transforming access to British Library digital collections",https://doi.org/10.1093/llc/fqx020
2,10.1007/s10437-018-9280-8,crossref,NA,NA,FALSE,FALSE,TRUE,NA,closed,Museological Approaches to the Management of Digital Research and Engagement: The African Rock Art Image Project,https://doi.org/10.1007/s10437-018-9280-8
2,10.1353/bhm.2018.0032,crossref,NA,NA,FALSE,FALSE,TRUE,NA,closed,Memento Mütter,https://doi.org/10.1353/bhm.2018.0032
2,10.1002/asi.24008,crossref,oa repository (via OAI-PMH doi match),https://strathprints.strath.ac.uk/62824/1/Given_Willson_JAIST_2018_Information_technology_and_the_humanities_scholar.pdf,FALSE,TRUE,TRUE,NA,green,Information technology and the humanities scholar: Documenting digital research practices,https://doi.org/10.1002/asi.24008
2,10.3167/choc.2018.130102,crossref,NA,NA,FALSE,FALSE,TRUE,NA,closed,Scandinavianism,https://doi.org/10.3167/choc.2018.130102
2,10.12694/scpe.v19i2.1348,crossref,open (via free pdf),https://www.scpe.org/index.php/scpe/article/download/1348/539,FALSE,TRUE,TRUE,NA,bronze,Enabling virtual collaboration in Digital Cultural Heritage in the SEEM region,https://doi.org/10.12694/scpe.v19i2.1348
2,10.1007/s10961-017-9627-3,crossref,open (via page says license),https://link.springer.com/content/pdf/10.1007%2Fs10961-017-9627-3.pdf,TRUE,TRUE,TRUE,cc-by,hybrid,The impact of digital start-up founders’ higher education on reaching equity investment milestones,https://doi.org/10.1007/s10961-017-9627-3
2,10.1629/uksg.405,crossref,open (via page says license),http://insights.uksg.org/articles/10.1629/uksg.405/galley/753/download/,TRUE,TRUE,FALSE,cc-by,gold,From transaction to collaboration: scholarly communications design at UConn Library,https://doi.org/10.1629/uksg.405
2,10.1002/asi.23990,crossref,NA,NA,FALSE,FALSE,TRUE,NA,closed,A twitter case study for assessing digital sound,https://doi.org/10.1002/asi.23990
2,10.7868/s0044467718030073,crossref,NA,NA,FALSE,FALSE,TRUE,NA,closed,"ВЛИЯНИЕ ФОНОЛОГИЧЕСКОЙ ПЕТЛИ РАБОЧЕЙ ПАМЯТИ НА РЕЗУЛЬТАТИВНОСТЬ РЕШЕНИЯ МАТЕМАТИЧЕСКИХ И ВЕРБАЛЬНЫХ ЗАДАЧ У МАТЕМАТИКОВ И ГУМАНИТАРИЕВ, ""Журнал высшей нервной деятельности им. И.П. Павлова""",https://doi.org/10.7868/s0044467718030073
2,10.1016/j.websem.2018.03.001,crossref,NA,NA,FALSE,FALSE,TRUE,NA,closed,The dataLegend ecosystem for historical statistics,https://doi.org/10.1016/j.websem.2018.03.001
2,10.1017/s0021875818000348,crossref,NA,NA,FALSE,FALSE,TRUE,NA,closed,"Matthew K. Gold and Lauren F. Klein (eds.), Debates in the Digital Humanities 2016 (Minneapolis: University of Minnesota Press, 2016, $35.00). Pp. 600.isbn 978 0 8166 9954 4.",https://doi.org/10.1017/s0021875818000348
2,10.1017/s1062798717000631,crossref,NA,NA,FALSE,FALSE,TRUE,NA,closed,Two Cultures into One?,https://doi.org/10.1017/s1062798717000631
2,10.1017/s1062798717000722,crossref,NA,NA,FALSE,FALSE,TRUE,NA,closed,Humanities Encounters Science: Confronting the Challenge of Post-humanism,https://doi.org/10.1017/s1062798717000722
2,10.1111/bjet.12544,crossref,NA,NA,FALSE,FALSE,TRUE,NA,closed,Socio-demographic factors relating to perception and use of mobile technologies in tertiary teaching,https://doi.org/10.1111/bjet.12544
2,10.1073/pnas.1720115115,crossref,open (via free pdf),https://www.pnas.org/content/pnas/115/17/4325.full.pdf,FALSE,TRUE,TRUE,NA,bronze,Earth BioGenome Project: Sequencing life for the future of life,https://doi.org/10.1073/pnas.1720115115
2,10.5965/2175180310242018136,crossref,open (via free pdf),http://revistas.udesc.br/index.php/tempo/article/download/2175180310242018136/8523,FALSE,TRUE,FALSE,NA,gold,Virada digital? Pesquisa histórica no ciberespaço,https://doi.org/10.5965/2175180310242018136
2,10.1093/llc/fqw063,crossref,NA,NA,FALSE,FALSE,TRUE,NA,closed,A public platform for developing language-independent applications,https://doi.org/10.1093/llc/fqw063
2,10.1017/s0028688517000339,crossref,NA,NA,FALSE,FALSE,TRUE,NA,closed,A Lost Page of Codex Bezae: Traces of the Bezan Greek Text of Acts 10.4–9,https://doi.org/10.1017/s0028688517000339
2,10.6018/red/57/9,crossref,open (via free pdf),https://doi.org/10.6018/red/57/9,FALSE,TRUE,FALSE,NA,gold,Humanidades digitales para el aprendizaje y difusión del Patrimonio Naval ,https://doi.org/10.6018/red/57/9
2,10.1177/2158244018763005,crossref,open (via page says license),https://journals.sagepub.com/doi/pdf/10.1177/2158244018763005,TRUE,TRUE,FALSE,cc-by,gold,"What Is History of Psychology? Network Analysis of Journal Citation Reports, 2009-2015",https://doi.org/10.1177/2158244018763005
2,10.1177/1745499918763420,crossref,open (via free pdf),https://journals.sagepub.com/doi/pdf/10.1177/1745499918763420,FALSE,TRUE,TRUE,NA,bronze,Russian perspectives of online learning technologies in higher education: An empirical study of a MOOC,https://doi.org/10.1177/1745499918763420
2,10.1007/s10912-017-9476-y,crossref,NA,NA,FALSE,FALSE,TRUE,NA,closed,Uncivilizing “Mental Illness”: Contextualizing Diverse Mental States and Posthuman Emotional Ecologies within The Icarus Project,https://doi.org/10.1007/s10912-017-9476-y
2,10.3390/rel9030076,crossref,open (via page says license),https://www.mdpi.com/2077-1444/9/3/76/pdf,TRUE,TRUE,FALSE,cc-by,gold,"Teaching Widowed Women, Community, and Devotion in Quattrocento Florence with Lucrezia Tornabuoni and Antonia Tanini Pulci",https://doi.org/10.3390/rel9030076
2,10.1177/1461444816688274,crossref,oa repository (via OAI-PMH title and first author match),https://leicester.figshare.com/articles/Literacy_and_Training_in_Digital_Research_Researchers_Views_in_Five_Social_Science_and_Humanities_Disciplines/10215410/files/18420872.pdf,FALSE,TRUE,TRUE,NA,green,Literacy and training in digital research: Researchers’ views in five social science and humanities disciplines,https://doi.org/10.1177/1461444816688274
2,10.3366/ijhac.2018.0204,crossref,NA,NA,FALSE,FALSE,TRUE,NA,closed,Emplacing Berlin: Digital Itineraries and Short-term Study Abroad in the City,https://doi.org/10.3366/ijhac.2018.0204
2,10.3366/ijhac.2018.0206,crossref,NA,NA,FALSE,FALSE,TRUE,NA,closed,Critical Chorography: A Pedagogical Approach,https://doi.org/10.3366/ijhac.2018.0206
2,10.3366/ijhac.2018.0207,crossref,NA,NA,FALSE,FALSE,TRUE,NA,closed,Story Maps and Disability Studies: A Digital Blueprint for Teaching Community Engagement,https://doi.org/10.3366/ijhac.2018.0207
2,10.1525/fmh.2018.4.2.12,crossref,NA,NA,FALSE,FALSE,TRUE,NA,closed,Design Statement for Feminist Media Studies Genealogy,https://doi.org/10.1525/fmh.2018.4.2.12
2,10.1215/00267929-4264249,crossref,NA,NA,FALSE,FALSE,TRUE,NA,closed,In the Literature Lab,https://doi.org/10.1215/00267929-4264249
2,10.1057/s41599-018-0075-y,crossref,open (via page says license),https://www.nature.com/articles/s41599-018-0075-y.pdf,TRUE,TRUE,FALSE,cc-by,gold,Towards a manifesto for a critical digital humanities: critiquing the extractive capitalism of digital society,https://doi.org/10.1057/s41599-018-0075-y
2,10.1017/s0020743817001015,crossref,NA,NA,FALSE,FALSE,TRUE,NA,closed,A Digital Humanities for Premodern Islamic History,https://doi.org/10.1017/s0020743817001015
2,10.1017/s0020743817001027,crossref,NA,NA,FALSE,FALSE,TRUE,NA,closed,“Tell Me Something I Don't Know!”: The Place and Politics of Digital Methods in the (Islamicate) Humanities,https://doi.org/10.1017/s0020743817001027
2,10.1515/itit-2017-0023,crossref,NA,NA,FALSE,FALSE,TRUE,NA,closed,Not-so-distant reading: A dynamic network approach to literature,https://doi.org/10.1515/itit-2017-0023
2,10.1215/03335372-4265059,crossref,oa repository (via OAI-PMH title and first author match),https://escholarship.org/content/qt2d7278bt/qt2d7278bt.pdf?t=p8ekpp,FALSE,TRUE,TRUE,NA,green,The Artifactuality of Narrative Form,https://doi.org/10.1215/03335372-4265059
2,10.1162/leon_r_01562,crossref,NA,NA,FALSE,FALSE,TRUE,NA,closed,"Debates in the Digital Humanities 2016Debates in the Digital Humanities 2016 edited by Matthew K. Gold and Lauren F. Klein. University of Minnesota Press, Minneapolis, MN, U.S.A., 2016. 600 pp., illus. Trade, paper. ISBN: 978-0-8166-9953-7; ISBN: 978-0-8166-9954-4.",https://doi.org/10.1162/leon_r_01562
2,10.1177/1329878x17739020,crossref,oa repository (via OAI-PMH doi match),https://eprints.qut.edu.au/112354/1/Automating%20the%20Everyday%20MIA%20SI%20editors%27%20introduction.pdf,FALSE,TRUE,TRUE,NA,green,Automating the digital everyday: an introduction,https://doi.org/10.1177/1329878x17739020
2,10.3389/fnhum.2018.00012,crossref,open (via page says license),https://www.frontiersin.org/articles/10.3389/fnhum.2018.00012/pdf,TRUE,TRUE,FALSE,cc-by,gold,Corrigendum: Quantifying the Beauty of Words: A Neurocognitive Poetics Perspective,https://doi.org/10.3389/fnhum.2018.00012
2,10.1089/omi.2017.0194,crossref,NA,NA,FALSE,FALSE,TRUE,NA,closed,"Birth of Industry 5.0: Making Sense of Big Data with Artificial Intelligence, “The Internet of Things” and Next-Generation Technology Policy",https://doi.org/10.1089/omi.2017.0194
2,10.5325/resoamerlitestud.40.2018.0051,crossref,NA,NA,FALSE,FALSE,TRUE,NA,closed,“To Transcribe Them in a Fair and Legible Hand”: Hartford Female Seminary's Handwritten Newspapers,https://doi.org/10.5325/resoamerlitestud.40.2018.0051
2,10.14195/0870-4147_49_5,crossref,open (via free pdf),http://digitalis-dsp.uc.pt/bitstream/10316.2/44893/3/artigo5_RPH_49.pdf,FALSE,TRUE,TRUE,NA,bronze,"The current challenges of diplomatics from an Iberian perspective: the expansion of spatial and chronological horizons, new research fields, the adaptation to new technologies",https://doi.org/10.14195/0870-4147_49_5
2,10.1353/pmc.2018.0017,crossref,NA,NA,FALSE,FALSE,TRUE,NA,closed,"Reading Under a Big Tent. A review of Roger Whitson, Steampunk and Nineteenth-Century Digital Humanities: Literary Retrofuturisms, Media Archaeologies, Alternate Histories",https://doi.org/10.1353/pmc.2018.0017
2,10.1080/10691316.2018.1480440,crossref,oa repository (via OAI-PMH doi match),http://udspace.udel.edu/bitstream/19716/24747/1/The%20Consequences%20of%20Framing%20Digital%20Humanities%20Tools%20as%20Easy%20to%20U%20%281%29.pdf,FALSE,TRUE,TRUE,NA,green,The consequences of framing digital humanities tools as easy to use,https://doi.org/10.1080/10691316.2018.1480440
2,10.1080/19322909.2018.1479673,crossref,NA,NA,FALSE,FALSE,TRUE,NA,closed,Text Mining Digital Humanities Projects: Assessing Content Analysis Capabilities of Voyant Tools,https://doi.org/10.1080/19322909.2018.1479673
2,10.1080/00934690.2018.1505409,crossref,open (via free pdf),https://www.tandfonline.com/doi/pdf/10.1080/00934690.2018.1505409?needAccess=true,FALSE,TRUE,TRUE,NA,hybrid,Publishing Archaeological Excavations at the Digital Turn,https://doi.org/10.1080/00934690.2018.1505409
2,10.1080/15021866.2018.1550875,crossref,NA,NA,FALSE,FALSE,TRUE,NA,closed,Digital Humanities and Theatre Studies: New Perspectives on the Early Reception of Ibsen on the German Stage,https://doi.org/10.1080/15021866.2018.1550875
2,10.1080/15420353.2018.1498427,crossref,NA,NA,FALSE,FALSE,TRUE,NA,closed,"From Archive, to Access, to Experience––Historical Documents as a Basis for Immersive Experiences",https://doi.org/10.1080/15420353.2018.1498427
2,10.15291/sic/2.8.lc.2,crossref,open (via page says license),https://www.sic-journal.org/generatepdf.ashx?aid=495,FALSE,TRUE,FALSE,cc-by-nc-nd,gold,Recepcija hrvatskih filozofa i digitalna humanistika ,https://doi.org/10.15291/sic/2.8.lc.2
2,10.1080/13688804.2018.1488585,crossref,NA,NA,FALSE,FALSE,TRUE,NA,closed,‘More Difficult from Dublin than from Dieppe’,https://doi.org/10.1080/13688804.2018.1488585
2,10.1080/01615440.2018.1443862,crossref,oa repository (via OAI-PMH doi match),https://research-information.bris.ac.uk/files/152814048/Thomas_Lansdall_Welfare_Large_Scale_Content_Analysis_of_Historical_Newspapers_in_the_Town_of_Gorizia_1873_1914.pdf,FALSE,TRUE,TRUE,NA,green,Large-scale content analysis of historical newspapers in the town of Gorizia 1873–1914,https://doi.org/10.1080/01615440.2018.1443862
2,10.1080/08905762.2018.1540577,crossref,NA,NA,FALSE,FALSE,TRUE,NA,closed,Detecting Modernismo’s Fingerprint: A Digital Humanities Approach to the Turn of the Century Spanish American Novel,https://doi.org/10.1080/08905762.2018.1540577
2,10.12795/argumentos/2017.i21.05,crossref,open (via free pdf),https://doi.org/10.12795/argumentos/2017.i21.05,FALSE,TRUE,FALSE,NA,gold,Ciencia y sociedad: nuevas interacciones en el universo digital. Hacia una nueva disciplina académica para su estudio,https://doi.org/10.12795/argumentos/2017.i21.05
2,10.1163/18712428-09803025,crossref,NA,NA,FALSE,FALSE,TRUE,NA,closed,In saecula saeculorum,https://doi.org/10.1163/18712428-09803025
2,10.1108/rsr-07-2018-0061,crossref,NA,NA,FALSE,FALSE,TRUE,NA,closed,Library instruction and information literacy 2017,https://doi.org/10.1108/rsr-07-2018-0061
2,10.1080/21670811.2018.1512879,crossref,NA,NA,FALSE,FALSE,TRUE,NA,closed,In Search of America,https://doi.org/10.1080/21670811.2018.1512879
2,10.1080/21670811.2018.1514273,crossref,NA,NA,FALSE,FALSE,TRUE,NA,closed,@franklinfordbot,https://doi.org/10.1080/21670811.2018.1514273
2,10.16995/ane.278,crossref,open (via page says license),http://www.asianetworkexchange.org/articles/10.16995/ane.278/galley/393/download/,TRUE,TRUE,FALSE,cc-by,gold,How the Digital is Changing Research and Teaching on Asia,https://doi.org/10.16995/ane.278
2,10.16995/ane.281,crossref,open (via page says license),http://www.asianetworkexchange.org/articles/10.16995/ane.281/galley/391/download/,TRUE,TRUE,FALSE,cc-by,gold,The Unbearable Lightness of Image Travel: The Work of Curation in the Digital Age,https://doi.org/10.16995/ane.281
2,10.33407/itlt.v68i6.2407,crossref,open (via page says license),https://journal.iitta.gov.ua/index.php/itlt/article/download/2407/1428,FALSE,TRUE,FALSE,cc-by-nc-sa,gold,FOREIGN EXPERIENCE AND UKRAINIAN REALITIES OF MASS OPEN ONLINE COURSES USE IN INTERNATIONAL EDUCATION AREA,https://doi.org/10.33407/itlt.v68i6.2407
2,10.1080/20512856.2018.1546656,crossref,NA,NA,FALSE,FALSE,TRUE,NA,closed,Scholarly Adventures in Digital Humanities: Making The Modernist Archives Publishing Project,https://doi.org/10.1080/20512856.2018.1546656
2,10.19132/1808-5245241.145-173,crossref,open (via free pdf),https://seer.ufrgs.br/EmQuestao/article/download/71475/43695,FALSE,TRUE,FALSE,NA,gold,O estudo e a identificação dos padrões de metadados para a representação e a recuperação da imagem digital na perspectiva da web,https://doi.org/10.19132/1808-5245241.145-173
2,10.24146/tkd.2018.41,crossref,open (via free pdf),http://tk.org.tr/index.php/TK/article/download/2967/2854,FALSE,TRUE,FALSE,NA,gold,Türkçe Metinler Üzerine Yapılan Sayısal Üslup Araştırmalarını İnceleyen ve Benim Adım Kırmızı Çevirilerinin Aslına Olan Sadakatini Ölçen Bir Çalışma (A Survey of Stylometry Research on Turkish Texts and A Study on Quantification of Loyalty for Translations of My Name is Red),https://doi.org/10.24146/tkd.2018.41
2,10.1145/3075645,crossref,NA,NA,FALSE,FALSE,TRUE,NA,closed,Mass Digitization of Early Modern Texts With Optical Character Recognition,https://doi.org/10.1145/3075645
2,10.1108/dlp-04-2018-0013,crossref,open (via free pdf),https://www.emerald.com/insight/content/doi/10.1108/DLP-04-2018-0013/full/pdf?title=digital-korean-studies-recent-advances-and-new-frontiers,TRUE,TRUE,TRUE,cc-by,hybrid,Digital Korean studies: recent advances and new frontiers,https://doi.org/10.1108/dlp-04-2018-0013
2,10.1108/el-02-2017-0026,crossref,NA,NA,FALSE,FALSE,TRUE,NA,closed,Networking women translators in Spain (1868-1936) and their presence in the Mnemosyne Digital Library,https://doi.org/10.1108/el-02-2017-0026
2,10.5840/eps201855222,crossref,NA,NA,FALSE,FALSE,TRUE,NA,closed,Engineering knowledge in the technogenic civilization,https://doi.org/10.5840/eps201855222
2,10.21464/fi38108,crossref,open (via free pdf),https://hrcak.srce.hr/file/301448,FALSE,TRUE,FALSE,NA,gold,Philosophy of Future Cyberspaces and the Transhumanistic Reality,https://doi.org/10.21464/fi38108
2,10.1108/jd-05-2017-0076,crossref,NA,NA,FALSE,FALSE,TRUE,NA,closed,Distribution features and intellectual structures of digital humanities,https://doi.org/10.1108/jd-05-2017-0076
2,10.1108/jd-10-2017-0137,crossref,NA,NA,FALSE,FALSE,TRUE,NA,closed,“Natural allies”,https://doi.org/10.1108/jd-10-2017-0137
2,10.3138/jsp.49.2.193,crossref,open (via free pdf),https://utpjournals.press/pb-assets/utoronto/JSP/documents/JSP_call-for-papers_2019-1552503998200.pdf,FALSE,TRUE,FALSE,NA,gold,The Social Text and Networked Knowledge: New Modes of Scholarly Book Publishing in Indigenous Studies,https://doi.org/10.3138/jsp.49.2.193
2,10.5771/0943-7444-2018-5-343,crossref,NA,NA,FALSE,FALSE,TRUE,NA,closed,ISKO 15’s Bookshelf: Dispersion in a Digital Age— An Editorial,https://doi.org/10.5771/0943-7444-2018-5-343
2,10.17646/kome.2018.12,crossref,open (via free pdf),https://doi.org/10.17646/kome.2018.12,FALSE,TRUE,FALSE,NA,gold,The African Writer at Digital Cross-Roads: A Preliminary Interrogation of Literary Production in Nigeria/the Global South within 21st Century Media Convergence,https://doi.org/10.17646/kome.2018.12
2,10.1007/s00542-017-3333-9,crossref,NA,NA,FALSE,FALSE,TRUE,NA,closed,System satisfaction survey for the App to integrate search and augmented reality with geographical information technology,https://doi.org/10.1007/s00542-017-3333-9
2,10.1080/00987913.2018.1437320,crossref,NA,NA,FALSE,FALSE,TRUE,NA,closed,Toward Building a Digital Index of Little magazines of the 1960s,https://doi.org/10.1080/00987913.2018.1437320
2,10.1080/00987913.2018.1433930,crossref,NA,NA,FALSE,FALSE,TRUE,NA,closed,Digital Scholarship Planning: A Perspective on the CNI-ARL Workshop,https://doi.org/10.1080/00987913.2018.1433930
2,10.1002/sdr.1601,crossref,NA,NA,FALSE,FALSE,TRUE,NA,closed,System dynamics at sixty: the path forward,https://doi.org/10.1002/sdr.1601
2,10.24146/tkd.2018.37,crossref,open (via free pdf),http://tk.org.tr/index.php/TK/article/download/2950/2845,FALSE,TRUE,FALSE,NA,gold,Dijital İnsanî Bilimler: Yeni Bir Yaklaşım (Digital Humanities: A New Approach),https://doi.org/10.24146/tkd.2018.37
2,10.4000/insitu.18413,crossref,oa journal (via doaj),https://doi.org/10.4000/insitu.18413,FALSE,TRUE,FALSE,cc-by-nc-nd,gold,« Ne pas laisser s’effacer l’histoire de ceux qui la racontent ». Le cas de l’Association de préfiguration de la Fondation Patrick Chauvel,https://doi.org/10.4000/insitu.18413
2,10.1080/17439884.2018.1498352,crossref,NA,NA,FALSE,FALSE,TRUE,NA,closed,A snapchat story: how black girls develop strategies for critical resistance in school,https://doi.org/10.1080/17439884.2018.1498352
2,10.1080/07317131.2018.1509437,crossref,NA,NA,FALSE,FALSE,TRUE,NA,closed,On the Frontlines of Richer Metadata: Technical Services and TEI,https://doi.org/10.1080/07317131.2018.1509437
2,10.1108/dlp-08-2018-048,crossref,NA,NA,FALSE,FALSE,TRUE,NA,closed,Guest editorial,https://doi.org/10.1108/dlp-08-2018-048
2,10.1108/dlp-02-2018-0004,crossref,oa repository (semantic scholar lookup),http://pdfs.semanticscholar.org/6e2d/42eb6fed8277498ef09337b3c2e376a2efda.pdf,FALSE,TRUE,TRUE,NA,green,"Kindles, card catalogs, and the future of libraries: a collaborative digital humanities project",https://doi.org/10.1108/dlp-02-2018-0004
2,10.1108/dlp-03-2018-0009,crossref,NA,NA,FALSE,FALSE,TRUE,NA,closed,Back to basics,https://doi.org/10.1108/dlp-03-2018-0009
2,10.1108/dlp-02-2018-0006,crossref,NA,NA,FALSE,FALSE,TRUE,NA,closed,Respecting the language: digitizing Native American language materials,https://doi.org/10.1108/dlp-02-2018-0006
2,10.1108/dlp-11-2017-0044,crossref,NA,NA,FALSE,FALSE,TRUE,NA,closed,Finding a place for genealogy and family history in the digital humanities,https://doi.org/10.1108/dlp-11-2017-0044
2,10.1080/03096564.2016.1252077,crossref,NA,NA,FALSE,FALSE,TRUE,NA,closed,Stylometric Authorship Attribution for the Middle Dutch Mystical Tradition from Groenendaal,https://doi.org/10.1080/03096564.2016.1252077
2,10.1109/access.2018.2856865,crossref,oa journal (via doaj),https://doi.org/10.1109/access.2018.2856865,TRUE,TRUE,FALSE,cc-by,gold,Practical Text Phylogeny for Real-World Settings,https://doi.org/10.1109/access.2018.2856865
2,10.2979/filmhistory.30.2.01,crossref,NA,NA,FALSE,FALSE,TRUE,NA,closed,From Photoplays to Movies: A Distant Reading of Cinema's Eventual Legitimation from Below,https://doi.org/10.2979/filmhistory.30.2.01
2,10.26686/jnzs.v0ins26.4840,crossref,open (via free pdf),https://ojs.victoria.ac.nz/jnzs/article/download/4840/4294,FALSE,TRUE,TRUE,NA,bronze, The Gay Novel and the Gay World,https://doi.org/10.26686/jnzs.v0ins26.4840
2,10.30525/2256-0742/2018-4-1-311-318,crossref,open (via page says license),http://www.baltijapublishing.lv/index.php/issue/article/download/365/pdf,FALSE,TRUE,FALSE,cc-by-nc,gold,DEVELOPMENT OF A MODEL OF DIGITAL RESEARCH UNIVERSITIES,https://doi.org/10.30525/2256-0742/2018-4-1-311-318
2,10.29276/redapeci.2018.18.18545.7-16,crossref,open (via page says license),http://treinamento.seer.ufs.br/index.php/edapeci/article/download/8545/pdf,FALSE,TRUE,FALSE,cc-by-nc-nd,gold,Letramento digital na cultura digital: o que precisamos compreender?,https://doi.org/10.29276/redapeci.2018.18.18545.7-16
2,10.1108/cc-07-2017-0027,crossref,NA,NA,FALSE,FALSE,TRUE,NA,closed,Publication Trends in Literature on eBooks: A Scopus Based Bibliometric Analysis,https://doi.org/10.1108/cc-07-2017-0027
2,10.15838/esc.2018.2.56.5,crossref,oa journal (via doaj),https://doi.org/10.15838/esc.2018.2.56.5,FALSE,TRUE,FALSE,cc-by-nc-nd,gold,Social Demand of Russians for Innovation (According to a Sample Survey),https://doi.org/10.15838/esc.2018.2.56.5
2,10.7202/1043721ar,crossref,open (via free pdf),http://www.erudit.org/fr/revues/documentation/2018-v64-n1-documentation03466/1043721ar.pdf,FALSE,TRUE,TRUE,NA,bronze,Comprendre les risques psychosociaux pour agir,https://doi.org/10.7202/1043721ar
2,10.22323/2.17020302,crossref,open (via page says license),https://jcom.sissa.it/archive/17/02/JCOM_1702_2018_C01/JCOM_1702_2018_C02.pdf,FALSE,TRUE,FALSE,cc-by-nc-nd,gold,Open infrastructure and community: the case of astronomy,https://doi.org/10.22323/2.17020302
2,10.1080/15405702.2017.1413191,crossref,NA,NA,FALSE,FALSE,TRUE,NA,closed,Now you see them: Self-representation and the refugee selfie,https://doi.org/10.1080/15405702.2017.1413191
2,10.5209/tekn.57192,crossref,open (via page says license),https://revistas.ucm.es/index.php/TEKN/article/download/57192/4564456547150,TRUE,TRUE,FALSE,cc-by,gold,La narración colaborativa en @Elhombredetweed. Un análisis pragmático para el estudio de la literatura digital,https://doi.org/10.5209/tekn.57192
2,10.5209/tekn.57527,crossref,open (via page says license),https://revistas.ucm.es/index.php/TEKN/article/download/57527/4564456547151,TRUE,TRUE,FALSE,cc-by,gold,"Recordando el futuro, imaginando el pasado. La creación de escenarios como ejercicio ontológico",https://doi.org/10.5209/tekn.57527
2,10.5209/tekn.57592,crossref,open (via page says license),https://revistas.ucm.es/index.php/TEKN/article/download/57592/4564456547159,TRUE,TRUE,FALSE,cc-by,gold,Educación Artística y transformación social en el contexto de las Humanidades Digitales,https://doi.org/10.5209/tekn.57592
2,10.1080/03080188.2017.1296265,crossref,open (via free pdf),https://www.tandfonline.com/doi/pdf/10.1080/03080188.2017.1296265?needAccess=true,FALSE,TRUE,TRUE,NA,bronze,What are patterns in the humanities?,https://doi.org/10.1080/03080188.2017.1296265
2,10.1108/jd-07-2017-0111,crossref,oa repository (via OAI-PMH doi match),https://strathprints.strath.ac.uk/63710/1/Willson_JOD_2018_Systemic_managerial_constraints_how_universities_influence_the_information_behaviour.pdf,FALSE,TRUE,TRUE,NA,green,“Systemic Managerial Constraints”,https://doi.org/10.1108/jd-07-2017-0111
2,10.17150/2308-6203.2018.7(2).279-288,crossref,open (via free pdf),http://jq.bgu.ru/classes/pdfDL.ashx?id=22029,FALSE,TRUE,FALSE,NA,gold,Коммуникативный потенциал PR-текстов в свете постмодернистской парадигмы,https://doi.org/10.17150/2308-6203.2018.7(2).279-288
2,10.1146/annurev-statistics-031017-100547,crossref,NA,NA,FALSE,FALSE,TRUE,NA,closed,"Words, Words, Words: How the Digital Humanities Are Integrating Diverse Research Fields to Study People",https://doi.org/10.1146/annurev-statistics-031017-100547
2,10.4018/jitr.2018010101,crossref,NA,NA,FALSE,FALSE,TRUE,NA,closed,Systematic Literature Reviews in Social Sciences and Humanities,https://doi.org/10.4018/jitr.2018010101
2,10.1080/0048721x.2018.1445601,crossref,NA,NA,FALSE,FALSE,TRUE,NA,closed,Turning students into scholars: using digital methods to teach the critical study of religion,https://doi.org/10.1080/0048721x.2018.1445601
2,10.1080/0048721x.2018.1445603,crossref,NA,NA,FALSE,FALSE,TRUE,NA,closed,Collaborative scholarly communities and access in the study of material and visual cultures of religion,https://doi.org/10.1080/0048721x.2018.1445603
2,10.1080/0048721x.2018.1445073,crossref,NA,NA,FALSE,FALSE,TRUE,NA,closed,@Preacher_Bot: an experiment in evangelical speech making,https://doi.org/10.1080/0048721x.2018.1445073
2,10.1080/02665433.2017.1359104,crossref,NA,NA,FALSE,FALSE,TRUE,NA,closed,Inventing Grand Paris: metropolitan planning history and its valorization,https://doi.org/10.1080/02665433.2017.1359104
2,10.1108/dlp-08-2017-0029,crossref,NA,NA,FALSE,FALSE,TRUE,NA,closed,Innovative management strategies for building and sustaining a digital initiatives department with limited resources,https://doi.org/10.1108/dlp-08-2017-0029
2,10.1016/j.evopsy.2017.10.002,crossref,NA,NA,FALSE,FALSE,TRUE,NA,closed,"Addiction au virtuel : l’inquiétante étrangeté, le pharmakon et le corps",https://doi.org/10.1016/j.evopsy.2017.10.002
2,10.1080/10304312.2018.1404679,crossref,NA,NA,FALSE,FALSE,TRUE,NA,closed,Re/mediating the archive: building Alternative Toronto,https://doi.org/10.1080/10304312.2018.1404679
